nama_tempat,rating_tempat,user_ratings_total,latitude,longitude,alamat_tempat,place_id,store,nama_kelurahan,nama_kecamatan,nama_kota,competitor_density_500m,jarak_kompetitor_meter,kompetitor_head_to_head,jarak_pasar_meter,pasar_terdekat,pelanggaran_zonasi,cluster_hdbscan_makro,cluster_hdbscan_prob,cluster_dbscan_hotspot,spatial_risk_score
indomaret,0.0,0,-6.214337,106.8312134,"wisma budi, jl. h. r. rasuna said no.3, rt.3/rw.1, karet, kota jakarta selatan",ChIJVwsQapH1aS4RRn0qO3oi72c,Indomaret,Karet,Setiabudi,Kota Jakarta Selatan,5,363.51,0,545.8231495088453,pasar mencos,0,24,0.8605486826798738,-1,0.189
indomaret dr. saharjo,4.2,16,-6.2160036,106.8440714,"jl. dr. saharjo no.109, rt.2/rw.10, manggarai sel., kota jakarta selatan",ChIJk___P4nzaS4R-mx5t36xeEE,Indomaret,Manggarai Selatan,Tebet,Kota Jakarta Selatan,10,134.85,0,1196.5472594071496,pasar jaya bukit duri,0,23,1.0,0,0.4559
indomaret soepomo,4.1,16,-6.2325019,106.8444327,"qr9v+2q4, jalan dr. soepomo, rt.1/rw.3, menteng dalam, kota jakarta selatan",ChIJw4Qe95TzaS4R4TukR0p9hZk,Indomaret,Menteng Dalam,Tebet,Kota Jakarta Selatan,2,418.57,0,1405.8497840059322,pasar pspt,0,-1,0.0,-1,0.0412
indomaret tebet,4.7,26,-6.2242003,106.8525338,"jl. kh abdullah syafei no.2, rt.12/rw.5, bukit duri, kota jakarta selatan",ChIJndinnI_zaS4RsBdPM7-_7mo,Indomaret,Bukit Duri,Tebet,Kota Jakarta Selatan,6,297.81,0,721.5063575274208,pasar jaya bukit duri,0,22,0.33980914047647914,-1,0.1575
indomaret menteng wadas,3.0,2,-6.2106207,106.8419454,"jl. menteng wadas timur no.17, rt.1/rw.7, ps. manggis, kota jakarta selatan",ChIJVxLzin71aS4R5ngDmYA-lEM,Indomaret,Pasar Manggis,Setiabudi,Kota Jakarta Selatan,10,43.61,1,1634.9602299743126,pasar jaya bukit duri,0,23,0.9750076742567914,1,0.4534
indomaret,4.4,75,-6.216285699999999,106.843786,"qrmv+fgp, rt.1/rw.7, menteng atas, kota jakarta selatan",ChIJE27Ce3X0aS4RwPqn75uJU88,Indomaret,Menteng Atas,Setiabudi,Kota Jakarta Selatan,10,113.13,0,1222.01626090514,pasar jaya bukit duri,0,23,1.0,0,0.4559
indomaret menteng wadas 2,3.8,8,-6.2113933,106.8415987,"jl. menteng wadas timur no.11, rt.8/rw.1, ps. manggis, kota jakarta selatan",ChIJt6qq6gz0aS4Rc32yPpqE5bc,Indomaret,Pasar Manggis,Setiabudi,Kota Jakarta Selatan,11,82.62,0,1627.112904901171,pasar jaya bukit duri,0,23,0.9750076742567914,1,0.474
indomaret tebet barat raya,4.4,15,-6.2383118,106.850335,"jl. tebet barat ix no.20, rt.5/rw.4, tebet bar., kota jakarta selatan",ChIJBxrDu73zaS4R_jKixhfyWEE,Indomaret,Tebet Barat,Tebet,Kota Jakarta Selatan,2,485.69,0,807.815206618151,pasar pspt,0,-1,0.0,-1,0.0412
indomaret abdullah syafei 45c,4.7,6,-6.2258963,106.8575556,"jalan kh. abdullah syafei no.45 1 2, rt.4/rw.1, manggarai sel., kota jakarta selatan",ChIJ63NDeWPzaS4RHVCnhEWtXTU,Indomaret,Manggarai Selatan,Tebet,Kota Jakarta Selatan,12,120.66,0,925.2603142228804,pasar jaya bukit duri,0,22,1.0,2,0.4971
indomaret guntur t 42,4.4,208,-6.2086144,106.8368663,"jl. guntur no.40, rt.8/rw.1, guntur, kota jakarta selatan",ChIJU8fWq6_1aS4RLiY3lLYzs2o,Indomaret,Guntur,Setiabudi,Kota Jakarta Selatan,2,390.46,0,1289.219214907251,pasar mencos,0,-1,0.0,-1,0.0412
indomaret tebet raya,4.3,37,-6.230342299999999,106.8514366,"jl. tebet raya no.30 a, rt.2/rw.2, tebet bar., kota jakarta selatan",ChIJV7cl6pDzaS4RnpIsEEg4Wik,Indomaret,Tebet Barat,Tebet,Kota Jakarta Selatan,4,221.0,0,800.3308746455856,pasar pspt,0,22,0.2903475056634627,-1,0.1114
indomaret al barkah,4.6,18,-6.2204901,106.8472328,"jl. albarkah no.20, rt.7/rw.3, manggarai sel., kota jakarta selatan",ChIJk___P4nzaS4RKHnkXKOuy64,Indomaret,Manggarai Selatan,Tebet,Kota Jakarta Selatan,6,323.75,0,867.2143427804571,pasar jaya bukit duri,0,22,0.33980914047647914,-1,0.1575
indomaret abdullah syafei,3.6,8,-6.2240566,106.8527215,"jl. abdullah syafe'i no.1 bukit duri, tebet, rt.12/rw.1, south manggarai, kota jakarta selatan",ChIJw3pmkY7zaS4RzEJnuWOCvuI,Indomaret,South Manggarai,Tebet,Kota Jakarta Selatan,6,274.94,0,699.7095273767994,pasar jaya bukit duri,0,22,0.33119319433529887,-1,0.1566
indomaret menteng atas,3.8,22,-6.214204,106.8409467,"jl. menteng atas no.rt. 03/06, rt.3/rw.6, menteng atas, kota jakarta selatan",ChIJb2LXKQv0aS4RMsA0_7UBZqw,Indomaret,Menteng Atas,Setiabudi,Kota Jakarta Selatan,15,81.12,0,1579.3847217729187,pasar jaya bukit duri,0,23,1.0,0,0.5588
indomaret tebet timur dalam raya,4.4,11,-6.236383699999999,106.8568272,"jl. tebet timur dalam raya no.29, rt.11/rw.7, tebet tim., kota jakarta selatan",ChIJzddog5jzaS4RM7Gl9dS3Gbs,Indomaret,Tebet Timur,Tebet,Kota Jakarta Selatan,5,162.63,0,144.52819265526082,pasar pspt,1,15,0.838824131209373,-1,0.5868
indomaret convenience store,4.3,73,-6.2258324,106.858882,"jl. bukit duri tanjakan no. 1 rt 12/ rw 02 rt.3, rt.1/rw.9, bukit duri, kota jakarta selatan",ChIJy6qqaoTzaS4RC_J-x2TbxZU,Indomaret,Bukit Duri,Tebet,Kota Jakarta Selatan,16,11.99,1,978.8201255855541,pasar jaya bukit duri,0,22,1.0,2,0.5794
indomaret plus,0.0,0,-6.208247399999999,106.8327765,"qrrm+p42, rt.8/rw.2, guntur, kota jakarta selatan",ChIJZU13Dof1aS4RXIGm2TLCTWY,Indomaret,Guntur,Setiabudi,Kota Jakarta Selatan,3,681.1,0,927.6250596675375,pasar mencos,0,-1,0.0,-1,0.0618
indomaret minangkabau dalam,4.2,195,-6.215694699999999,106.8422542,"jl. minangkabau dalam no.1, rt.4/rw.14, menteng atas, kota jakarta selatan",ChIJt9agVXX0aS4RMX9VQephLU0,Indomaret,Menteng Atas,Setiabudi,Kota Jakarta Selatan,11,196.53,0,1400.2860428433303,pasar jaya bukit duri,0,23,1.0,0,0.4765
indomaret kampung melayu besar,4.2,9,-6.2252467,106.8628154,"jl. kampung melayu besar no.18 rt. 10 / rw. 02, kebon baru, tebet, rt.1/rw.1, kb. baru, kota jakarta selatan",ChIJD391JYPzaS4RQJHI5zLfWfg,Indomaret,Kebon Baru,Tebet,Kota Jakarta Selatan,11,55.61,0,1093.4369633157166,pasar bengong,0,22,0.37037418861301413,3,0.4135
indomaret wisma staco,5.0,2,-6.2246197,106.8401752,"wisma staco, jl. raya casablanca no.4, rt.4/rw.12, menteng dalam, kota jakarta selatan",ChIJTYdPFlzzaS4R4JoaMHSAiPY,Indomaret,Menteng Dalam,Tebet,Kota Jakarta Selatan,1,787.3,0,1762.009629356285,pasar jaya bukit duri,0,-1,0.0,-1,0.0206
indomaret permata kuningan,3.0,7,-6.2123971,106.8336757,"jalan kuningan mulia kav. 9c, kel. guntur, kec. setiabudi, rt.6/rw.1, menteng atas, rt.6/rw.1, menteng atas, kota jakarta selatan",ChIJw___Pw70aS4RWR0PfuJ3EbQ,Indomaret,Menteng Atas,Setiabudi,Kota Jakarta Selatan,4,484.87,0,822.4788644783212,pasar mencos,0,24,0.830710389463648,-1,0.1654
indomaret - manggarai tb98,3.9,17,-6.2093992,106.8477239,"jl. dr. saharjo no.11d, rt.2/rw.5, manggarai, kota jakarta selatan",ChIJC_j2enH0aS4RLYqRmKfTNwU,Indomaret,Manggarai,Tebet,Kota Jakarta Selatan,4,297.16,0,1234.7333895067998,pasar jaya bukit duri,0,-1,0.0,4,0.2324
indomaret casablanca,3.7,22,-6.2250076,106.8428196,"jalan casablanca, rt. 07 / rw. 11, menteng dalam, tebet, rt.7/rw.11, menteng dalam, kota jakarta selatan",ChIJVaFRO43zaS4R9wZv9oxkGeI,Indomaret,Menteng Dalam,Tebet,Kota Jakarta Selatan,4,669.13,0,1522.0167168023652,pasar jaya bukit duri,0,22,0.31544001789044473,5,0.2639
indomaret tebet barat in tk29,4.2,149,-6.2383462,106.847226,"jl. tebet barat dalam ivd no.88, rw.6, tebet bar., kota jakarta selatan",ChIJ7ahV373zaS4Rm9rs7VrGTVg,Indomaret,Tebet Barat,Tebet,Kota Jakarta Selatan,2,554.26,0,1127.3343205320784,pasar pspt,0,-1,0.0,-1,0.0412
indomaret point stasiun manggarai,3.9,21,-6.2091042,106.8495212,"stasiun kereta api manggarai kebon manggis, rt.15/rw.4, manggarai, kota jakarta selatan",ChIJ4zoAOE7yaS4RTmrqJf3bbYg,Indomaret,Manggarai,Tebet,Kota Jakarta Selatan,3,132.88,0,1149.9156983910318,pasar jaya bukit duri,0,-1,0.0,4,0.2118
indomaret plaza festival,3.4,10,-6.2212209,106.8328964,"qrhm+g56, rt.2/rw.5, karet kuningan, kota jakarta selatan",ChIJMUTCa23zaS4RHTh8p6ntkmM,Indomaret,Karet Kuningan,Setiabudi,Kota Jakarta Selatan,3,273.55,0,1116.2747856005346,pasar mencos,0,-1,0.0,-1,0.0618
indomaret pal batu 36,4.3,70,-6.2247397,106.8447512,"jl. pal batu raya no.36, rt.13/rw.4, menteng dalam, kota jakarta selatan",ChIJtX8wqY3zaS4RTpmMPQzAFbg,Indomaret,Menteng Dalam,Tebet,Kota Jakarta Selatan,3,509.89,0,1325.3735228552896,pasar jaya bukit duri,0,-1,0.0,5,0.2118
indomaret plus rasamala,4.1,61,-6.2336278,106.8395619,"jl. rasamala raya no.26, rt.7/rw.9, menteng dalam, kota jakarta selatan",ChIJtaqqauvzaS4RnSCep_ghRMM,Indomaret,Menteng Dalam,Tebet,Kota Jakarta Selatan,1,104.45,0,1380.8290199378764,pasar ar riyadh,0,-1,0.0,-1,0.0206
indomaret menara kuningan,5.0,2,-6.2186328,106.8300399,"6, jl. denpasar no.7, rt.6/rw.7, kuningan, karet kuningan, kota jakarta selatan",ChIJX77vnO3zaS4RglK4CERSUh4,Indomaret,Karet Kuningan,Setiabudi,Kota Jakarta Selatan,7,39.73,1,694.3568113262912,pasar mencos,0,24,0.9427934075713166,-1,0.2384
indomaret bukit duri tanjakan 106,0.0,0,-6.224636500000001,106.8590463,"3, jl. ismail no.13-18, rt.3/rw.9, bukit duri, kota jakarta selatan",ChIJ18ZbnBjzaS4RX9R3AMc2iP0,Indomaret,Bukit Duri,Tebet,Kota Jakarta Selatan,16,133.27,0,873.825175848294,pasar jaya bukit duri,0,22,0.9658890621015822,2,0.576
indomaret,4.2,421,-6.229205299999999,106.8474494,"jl. prof supomo no 321 blok bz persil no 19, rt.13/rw.2, tebet barat, rt.13/rw.2, tebet bar., kota jakarta selatan",ChIJxf__P5bzaS4RZ7KfkYohoDc,Indomaret,Tebet Barat,Tebet,Kota Jakarta Selatan,3,82.87,0,1230.756832397928,pasar pspt,0,-1,0.0,-1,0.0618
indomaret gudang peluru,4.8,13,-6.2255444,106.8622325,"jl. gudang peluru raya no.b1, rt.1/rw.1, kebon baru, kota jakarta selatan",ChIJM_MGcAHzaS4RaWCJ-tf_NBA,Indomaret,Kebon Baru,Tebet,Kota Jakarta Selatan,11,116.12,0,1067.715928962144,pasar bengong,0,22,0.37037418861301413,3,0.4135
indomaret asem baris,4.1,23,-6.2389963,106.8602569,"jl. asem baris raya no.1, rt.6/rw.13, kb. baru, kota jakarta selatan",ChIJuZeA4KHzaS4RO8kOMnZzjnw,Indomaret,Kebon Baru,Tebet,Kota Jakarta Selatan,5,110.44,0,572.933449013534,pasar pspt,0,15,0.8948545091034087,43,0.3424
indomaret supomo 2,3.9,40,-6.239277899999999,106.8456902,"jl. prof. dr. soepomo no.02, rt.14/rw.6, tebet bar., kota jakarta selatan",ChIJXRviXL7zaS4RE8cUq9rXJQc,Indomaret,Tebet Barat,Tebet,Kota Jakarta Selatan,1,734.02,0,1322.113543957864,pasar pspt,0,-1,0.0,-1,0.0206
indomaret casablanca mansion fl12,4.0,4,-6.223185200000001,106.8461687,"qrgw+qf6, apartemen casablanca mansion jalan casablanca setia budi, rt.14/rw.5, menteng dalam, kota jakarta selatan",ChIJuRjcO4zzaS4RUa5WFynptng,Indomaret,Menteng Dalam,Tebet,Kota Jakarta Selatan,5,330.4,0,1100.2409818733076,pasar jaya bukit duri,0,22,0.33980914047647914,5,0.2869
indomaret,5.0,1,-6.2256068,106.8622342,"qvf6+qv5, rt.12/rw.9, bukit duri, kota jakarta selatan",ChIJn03pAwTzaS4R0bJEXJlngZc,Indomaret,Bukit Duri,Tebet,Kota Jakarta Selatan,11,121.31,0,1060.8218048870121,pasar bengong,0,22,0.37037418861301413,3,0.4135
indomaret menara imperium (t7xu),4.6,15,-6.2101278,106.8312488,"menara imperium, jl. h. r. rasuna said no.1, rt.1/rw.6, guntur, kota jakarta selatan",ChIJHYztEg_0aS4RoD35swJ40H4,Indomaret,Guntur,Setiabudi,Kota Jakarta Selatan,3,513.2,0,666.0657131719547,pasar mencos,0,-1,0.0,-1,0.0618
indomaret kp melayu jembatan,4.3,8,-6.2261166,106.8638063,"jl. kp. melayu besar 1 no.225, rt.3/rw.1, kb. baru, kota jakarta selatan",ChIJZ4s-S53zaS4Rqs7o2XJV4Lc,Indomaret,Kebon Baru,Tebet,Kota Jakarta Selatan,4,179.77,0,993.4084999660737,pasar bengong,0,22,0.37037418861301413,3,0.2694
indomaret pengadegan timur,4.3,57,-6.248453899999999,106.8587205,"jl. pengadegan timur raya no.2, rt.3/rw.2, pengadegan, kota jakarta selatan",ChIJqUxFMa_zaS4Rb6WsdUlLWrQ,Indomaret,Pengadegan,Pancoran,Kota Jakarta Selatan,8,74.95,0,323.65767977779893,pasar kaget pengadegan,1,15,0.8663708893647858,-1,0.6513
indomaret pangadegan utara,4.4,142,-6.2459671,106.8555993,"no., jl. pengadegan utara no.12a, rt.6/rw.7, cikoko, kota jakarta selatan",ChIJrevYYKXzaS4RywexQtwJGqY,Indomaret,Cikoko,Pancoran,Kota Jakarta Selatan,8,9.09,1,517.9688893165109,pasar kaget pengadegan,0,15,1.0,6,0.4147
indomaret pancoran 7,4.1,31,-6.2497874,106.8365148,"jl. pancoran barat vii, rt. 013 / rw. 006, pancoran, mampang prapatan, rt.12/rw.6, pancoran, kota jakarta selatan",ChIJY3w000zyaS4RJpAudy3L5V4,Indomaret,Pancoran,Pancoran,Kota Jakarta Selatan,5,22.24,1,646.402175549674,pasar ar riyadh,0,9,1.0,7,0.3529
indomaret mt haryono,4.3,3,-6.2422974,106.8551682,"menara mt. haryono, jl. mt. haryono kav 23, rt.12/rw.5, tebet timur, tebet, rt.10/rw.9, tebet tim., kota jakarta selatan",ChIJHQAAwJnzaS4RX1MjemHCBZM,Indomaret,Tebet Timur,Tebet,Kota Jakarta Selatan,9,86.33,0,824.060339862551,pasar pspt,0,15,1.0,8,0.4353
indomaret,0.0,0,-6.2467067,106.8549365,"rw.7, pengadegan, kota jakarta selatan",ChIJZ0DyfMnzaS4RJ9jFt8abwmQ,Indomaret,Pengadegan,Pancoran,Kota Jakarta Selatan,8,47.6,1,462.9511950200611,pasar kaget pengadegan,1,15,0.8820514495885025,6,0.8029
indomaret signature park,4.3,3,-6.242484,106.854727,"mt haryono st no.10, rw.9, east tebet, kota jakarta selatan",ChIJ71RBBiPzaS4RzLWpLbPWU80,Indomaret,Tebet Timur,Pancoran,Kota Jakarta Selatan,9,36.36,1,856.5333549268811,pasar pspt,0,15,1.0,8,0.4353
indomaret of pengadegan,3.9,65,-6.2516495,106.849876,"jl. pengadegan selatan viii no.5b, rt.9/rw.5, pengadegan, kota jakarta selatan",ChIJPRf2ebHzaS4R2AqgbPWyqrI,Indomaret,Pengadegan,Pancoran,Kota Jakarta Selatan,2,22.65,1,758.965337233193,pasar kaget pengadegan,0,-1,0.0,-1,0.0412
indomaret - spbu pancoran tjrt,3.1,10,-6.246947,106.8424352,"qr3r+6x7, rt.1/rw.4, pancoran, kota jakarta selatan",ChIJpzdhkdPzaS4R8PAP1nFVLYE,Indomaret,Pancoran,Pancoran,Kota Jakarta Selatan,1,95.25,0,989.0655038421105,pasar ar riyadh,0,-1,0.0,-1,0.0206
indomaret pancoran barat 7 tfpc,4.8,8,-6.251975799999999,106.8368081,"jl. pancoran barat vii no.9a, rt.8/rw.1, duren tiga, kota jakarta selatan",ChIJEYrs5dDzaS4RJRZWtIRczmM,Indomaret,Duren Tiga,Pancoran,Kota Jakarta Selatan,6,138.95,0,860.7460401102251,pasar kaget,0,9,1.0,7,0.3735
indomaret tower 1,0.0,0,-6.2514995,106.861901,"pvx6+cq3, jl. pengadegan timur i, rt.7/rw.1, pengadegan, kota jakarta selatan",ChIJGYiD7b_zaS4RVrXT4JRudmo,Indomaret,Pengadegan,Pancoran,Kota Jakarta Selatan,6,6.21,1,591.2761004829921,pasar kaget pengadegan,0,15,0.8663708893647858,9,0.3602
indomaret,4.4,56,-6.2113771,106.8413589,"jl. menteng wadas timur no.3, rw.7, ps. manggis, kota jakarta selatan",ChIJ8wnNTnP0aS4Rt4yRAq93XYE,Indomaret,Pasar Manggis,Setiabudi,Kota Jakarta Selatan,11,104.0,0,1651.5503274754735,pasar jaya bukit duri,0,23,0.9750076742567914,1,0.474
indomaret apartemen casablanca,1.0,1,-6.2232986,106.8453453,"jl. raya casablanca no.14, rw.5, menteng dalam, kota jakarta selatan",ChIJV4P3VhjzaS4RnuDMhqW9W2w,Indomaret,Menteng Dalam,Tebet,Kota Jakarta Selatan,5,420.87,0,1185.2548658393653,pasar jaya bukit duri,0,22,0.33980914047647914,5,0.2869
indomaret duren tiga raya. tuoi,4.0,27,-6.2534709,106.8404797,"jalan duren tiga barat no.32, rt.1/rw.1, duren tiga, pancoran, rt.1/rw.1, pancoran, kota jakarta selatan",ChIJkzb3EMrzaS4RXv7xWnaXfb8,Indomaret,Pancoran,Pancoran,Kota Jakarta Selatan,4,39.3,1,750.5649401522866,pasar kaget,0,9,0.8515182977207941,-1,0.1675
indomaret tegal parang. t986,4.1,9,-6.2464648,106.8322217,"qr3j+cw7, jl. tegal parang, rt.7/rw.5, tegal parang, kota jakarta selatan",ChIJezNcc8XzaS4RsQx_12LcMCA,Indomaret,Tegal Parang,Mampang Prapatan,Kota Jakarta Selatan,8,98.2,0,266.8832027476065,pasar ar riyadh,1,9,1.0,10,0.8147
indomaret tegal parang 2. ts86,3.9,33,-6.2441983,106.8324248,"jl. tegal parang utara no.35, rt.7/rw.4, mampang prpt., kota jakarta selatan",ChIJF1D19sTzaS4Rw9CnBydlgJM,Indomaret,Mampang Prapatan,Mampang Prapatan,Kota Jakarta Selatan,7,67.22,0,159.06802391897284,pasar ar riyadh,1,9,1.0,10,0.7941
indomaret pancoran barat 34,0.0,0,-6.251983999999999,106.8367253,"jl. pancoran barat vii no.34, rt.8/rw.6, duren tiga, kota jakarta selatan",ChIJncPt8wXzaS4RDxKhwvnyVpg,Indomaret,Duren Tiga,Pancoran,Kota Jakarta Selatan,6,144.87,0,861.0148665007803,pasar kaget,0,9,1.0,7,0.3735
indomaret mampang 8. t5wi,3.9,17,-6.2477205,106.8306366,"jalan mampang prapatan viii, rt.03 / rw.02, tegal parang, mampang prapatan, rt.3/rw.2, tegal parang, kota jakarta selatan",ChIJ_xUj9s_zaS4RuolU_sbnxqY,Indomaret,Tegal Parang,Mampang Prapatan,Kota Jakarta Selatan,8,146.46,0,488.73991561727854,pasar ar riyadh,1,9,1.0,10,0.8147
indomaret tower 3,0.0,0,-6.2523677,106.8615916,"apartemen pancoran riverside tower 3, jl, jl. pengadegan timur i no.30, rt.6/rw.1, pengadegan, kota jakarta selatan",ChIJV7ZuexPzaS4Raja2xYYiJ_I,Indomaret,Pengadegan,Pancoran,Kota Jakarta Selatan,5,107.15,0,584.5144594328129,pasar kaget pengadegan,0,15,0.8663708893647858,9,0.3396
indomaret apartemen pancoran riverside ftnt,4.4,16,-6.251923499999999,106.8616752,"jl. pengadegan timur i no.30, rt.6/rw.1, pengadegan, kota jakarta selatan",ChIJT9K7ZKnzaS4RYVbkqs38TuU,Indomaret,Pengadegan,Pancoran,Kota Jakarta Selatan,5,57.55,0,577.801898157479,pasar kaget pengadegan,0,15,0.8663708893647858,9,0.3396
indomaret tower 2,0.0,0,-6.2516153,106.861321,"pvx6+9g, pengadegan, kota jakarta selatan",ChIJuzWu8LvzaS4Ra3ud2A7lDHo,Indomaret,Pengadegan,Pancoran,Kota Jakarta Selatan,6,64.55,0,531.2632613359776,pasar kaget pengadegan,0,15,0.8663708893647858,9,0.3602
indomaret plus tebet timur dalam,4.5,255,-6.2403194,106.8557598,"jl. tebet timur raya no.29, rt.1/rw.8, tebet tim., kota jakarta selatan",ChIJWRooDKPzaS4R-oR5GrizSpE,Indomaret,Tebet Timur,Tebet,Kota Jakarta Selatan,6,302.15,0,595.1161855923971,pasar pspt,0,15,1.0,8,0.3735
indomaret,2.3,3,-6.248328,106.8240323,"jl. mampang prapatan vii no.1, rw.3, tegal parang, kota jakarta selatan",ChIJJXUTrNDzaS4RJSFdr933enM,Indomaret,Tegal Parang,Mampang Prapatan,Kota Jakarta Selatan,4,346.16,0,766.9016698098086,pasar warung buncit,0,9,0.881024937160995,-1,0.1705
indomaret stasiun tebet,0.0,0,-6.227752,106.8563415,"dalam 3, 4, jl. tebet raya no.69, rt.4/rw.1, tebet tim., kota jakarta selatan",ChIJfS5DnODzaS4RByux-xL7Cy4,Indomaret,Tebet Timur,Tebet,Kota Jakarta Selatan,12,162.02,0,817.5962015849634,pasar pspt,0,22,0.4036141183477619,2,0.4374
indomaret plus,4.0,88,-6.2212663,106.8270455,"jl. karet pedurenan no.68a, rt.9/rw.4, kuningan, karet kuningan, kota jakarta selatan",ChIJFwAAAPnzaS4RSejras5dRMU,Indomaret,Karet Kuningan,Setiabudi,Kota Jakarta Selatan,5,437.83,0,842.6966496457486,pasar karbela,0,24,0.9199618318185165,11,0.3449
indomaret point,3.3,3,-6.2331067,106.8230684,"patra jasa, jl. gatot subroto, rt.6/rw.3, kuningan, kuningan tim., kota jakarta selatan",ChIJpbNXVUrzaS4Rt_lHfKPzCKM,Indomaret,Kuningan Timur,Setiabudi,Kota Jakarta Selatan,3,333.5,0,1243.8655318797935,pasar santa,0,10,1.0,-1,0.1618
indomaret itc kuningan,0.0,0,-6.2235581,106.8259947,"jl. prof. dr. satrio no.18, rt.11/rw.4, kuningan, karet kuningan, kota jakarta selatan",ChIJDW3h1JDzaS4R8CQ1sNCxq94,Indomaret,Karet Kuningan,Setiabudi,Kota Jakarta Selatan,3,515.58,0,1089.2461671947262,pasar karbela,0,-1,0.0,11,0.2118
indomaret pedurenan,4.4,99,-6.2222333,106.8261754,"jl. pedurenan masjid iii no.50, rt.8/rw.4, kuningan, karet kuningan, kota jakarta selatan",ChIJjyTKfPnzaS4RmgahJeqJgd8,Indomaret,Karet Kuningan,Setiabudi,Kota Jakarta Selatan,3,579.78,0,942.1839413481543,pasar karbela,0,-1,0.0,11,0.2118
indomaret ciputat raya 2a -b,0.0,0,-6.239546799999999,106.8263501,"jl. kapten tendean no.34, rt.9/rw.2, kuningan bar., kota jakarta selatan",ChIJR3Z58xPzaS4Rv46cCQ_1uvk,Indomaret,Kuningan Barat,Mampang Prapatan,Kota Jakarta Selatan,1,418.15,0,998.9195028024985,pasar ar riyadh,0,-1,0.0,-1,0.0206
indomaret guru mughni,4.1,41,-6.2269641,106.8213717,"jalan guru mughni no. c4, karet semanggi, setiabudi, rt.5/rw.2, karet semanggi, rt.5/rw.2, karet semanggi, kota jakarta selatan",ChIJ4T8PLOPzaS4RQDVcYaC-IGg,Indomaret,Karet Semanggi,Setiabudi,Kota Jakarta Selatan,5,254.5,0,1539.0498357585582,pasar santa,0,10,1.0,-1,0.2029
indomaret karbela,4.0,35,-6.216086199999999,106.8232321,"jl. flamboyan no.1, rt.9/rw.3, kuningan, karet, kota jakarta selatan",ChIJQ7XctwD0aS4RfpVYI5dO7Tk,Indomaret,Karet,Setiabudi,Kota Jakarta Selatan,6,317.78,0,398.70834859673266,pasar karbela,1,24,1.0,-1,0.6235
indomaret dr satrio 289,4.6,13,-6.2177327,106.8196168,"jalan professor doktor satrio no.289, karet kuningan, setiabudi rt.1/rw.1, kuningan, rt.1/rw.1, kuningan, karet kuningan, kota jakarta selatan",ChIJf1IrAD3zaS4RP2uQZVJc8jY,Indomaret,Karet Kuningan,Setiabudi,Kota Jakarta Selatan,5,175.94,0,830.3666410989828,pasar karbela,0,24,0.9162994630025649,12,0.3446
indomaret pondok jaya mampang,4.4,111,-6.2494907,106.8214751,"jl. pondok jaya vi no.6, rt.6/rw.6, pela mampang, kota jakarta selatan",ChIJf2NThW7zaS4RXQqG3ssDz7w,Indomaret,Pela Mampang,Mampang Prapatan,Kota Jakarta Selatan,5,169.81,0,775.664895818867,pasar warung buncit,0,9,0.881024937160995,-1,0.191
indomaret mampang 7,4.1,207,-6.248328099999999,106.824029,"jl. mampang prapatan vii no.30, rt.1/rw.3, tegal parang, kota jakarta selatan",ChIJAxkWrNDzaS4RyfXBmyZF8qA,Indomaret,Tegal Parang,Mampang Prapatan,Kota Jakarta Selatan,4,346.38,0,766.98257554103,pasar warung buncit,0,9,0.881024937160995,-1,0.1705
indomaret,4.0,7,-6.223765999999999,106.826793,"jl. prof. dr. satrio no.63, rt.11/rw.4, kuningan, karet kuningan, kota jakarta selatan",ChIJq-xEWLDzaS4RO4DqvG3IFd0,Indomaret,Karet Kuningan,Setiabudi,Kota Jakarta Selatan,4,426.68,0,1115.9964781465999,pasar karbela,0,24,0.9199618318185165,11,0.3243
indomaret bek murad fz7m,4.2,36,-6.216343999999999,106.8201923,"jl. bek murad no.36, rw.1, kuningan, karet kuningan, kota jakarta selatan",ChIJCzDmJsD1aS4RcZY18yQacU8,Indomaret,Karet Kuningan,Setiabudi,Kota Jakarta Selatan,5,19.49,1,701.1241030189184,pasar karbela,0,24,1.0,12,0.3529
indomaret bangka 2b,4.4,293,-6.242254099999999,106.8196646,"jl. bangka ii no.12, rt.5/rw.9, pela mampang, kota jakarta selatan",ChIJR_R8Od_zaS4RTFXXRKEDqVo,Indomaret,Pela Mampang,Mampang Prapatan,Kota Jakarta Selatan,6,256.55,0,882.6266730733837,pasar santa,0,9,0.8460911098366846,45,0.3581
indomaret point,0.0,0,-6.2440509,106.8161762,"jl. bangka raya no.25, rw.2, pela mampang, kota jakarta selatan",ChIJNW2A01zxaS4RylvPeD8BOB4,Indomaret,Pela Mampang,Mampang Prapatan,Kota Jakarta Selatan,6,0.22,1,764.374399367553,pasar santa,0,9,0.8460911098366846,13,0.3581
indomaret kemang utara. tc87,4.4,18,-6.2541381,106.8269373,"jl. kemang utara ix no.1, rt.2/rw.5, duren tiga, kota jakarta selatan",ChIJhxAVNdLzaS4RE36ihgryocM,Indomaret,Duren Tiga,Pancoran,Kota Jakarta Selatan,3,149.47,0,160.60113942794567,pasar warung buncit,1,9,0.727871911335447,14,0.6846
indomaret,0.0,0,-6.247488499999999,106.8149378,"jl. bangka iig no.11, rw.11, pela mampang, kota jakarta selatan",ChIJ-bHiAPTxaS4RQJ3di8P7F2g,Indomaret,Pela Mampang,Mampang Prapatan,Kota Jakarta Selatan,7,405.8,0,1080.4851951385376,pasar santa,0,9,0.8460911098366846,-1,0.2287
indomaret fresh,4.6,46,-6.243758199999999,106.8163851,"jl. bangka raya no.23, rw.5, pela mampang, kota jakarta selatan",ChIJOVEJ60XxaS4RhRxK42wBrb8,Indomaret,Pela Mampang,Mampang Prapatan,Kota Jakarta Selatan,6,40.1,1,747.2801657230066,pasar santa,0,9,0.8460911098366846,13,0.3581
indomaret pasar minggu 15b (ffdq),4.5,8,-6.2607737,106.8428871,"jl. raya pasar minggu no.15 a, rt.1/rw.7, kalibata, kota jakarta selatan",ChIJv6HpCt3zaS4R6xwdQSocB24,Indomaret,Kalibata,Pasar Minggu,Kota Jakarta Selatan,2,133.13,0,579.5891824894572,pasar kaget,0,13,0.5446973023776196,-1,0.0956
indomaret - tower damar,4.2,10,-6.257493999999999,106.8528125,"pvr3+x4w, rt.9/rw.4, rawajati, kota jakarta selatan",ChIJn9W6dvPzaS4R-cPh4bkgO1g,Indomaret,Rawajati,Pancoran,Kota Jakarta Selatan,9,26.97,1,884.8689291748774,pasar kaget pengadegan,0,13,1.0,15,0.4353
indomaret,4.6,19,-6.2614906,106.840841,"jl. kalibata tengah no.1a, rt.5/rw.7, kalibata, kota jakarta selatan",ChIJyTF07TXyaS4RYebkKF7u42o,Indomaret,Kalibata,Pancoran,Kota Jakarta Selatan,4,119.13,0,396.3863585013538,pasar kaget,1,14,1.0,-1,0.5824
indomaret,0.0,0,-6.2577016,106.8535744,"tower kalibata cendana, rawajati, kota jakarta selatan",ChIJV9gKwXvzaS4RKk1asM_cBr8,Indomaret,Rawajati,Pancoran,Kota Jakarta Selatan,9,108.25,0,868.9774870449213,pasar kaget pengadegan,0,13,1.0,15,0.4353
indomaret tower rafles,0.0,0,-6.2572773,106.850916,"tower rafles t4vn, kalibata city, apt",ChIJXYGF0a_zaS4RaVDjPs-LMYk,Indomaret,Rawajati,Pancoran,Kota Jakarta Selatan,7,132.31,0,983.72293649723,pasar kaget pengadegan,0,13,1.0,15,0.3941
indomaret of rawajati,4.1,10,-6.2628099,106.8520926,"pvp2+vrh, jl. rawajati timur, rt.7/rw.6, rawajati, kota jakarta selatan",ChIJPRc3DE7yaS4Rlzq8SQ7YEfE,Indomaret,Rawajati,Pancoran,Kota Jakarta Selatan,3,339.58,0,1457.5792910678986,pasar kaget pengadegan,0,13,0.672785703058275,-1,0.129
indomaret tower cendana,4.8,5,-6.2584634,106.8533232,"jl. rawajati barat no.8, rw.4, rawajati, kota jakarta selatan",ChIJv2LFq1LyaS4RTp3YYUId3jg,Indomaret,Rawajati,Pancoran,Kota Jakarta Selatan,9,148.62,0,957.8311600068528,pasar kaget pengadegan,0,13,1.0,15,0.4353
indomaret h.maun,4.2,84,-6.258863799999999,106.8375135,"prrq+c2r, jl. duren tiga selatan, rt.8/rw.2, kalibata, kota jakarta selatan",ChIJI0tOwjTyaS4RLO_bH3X27As,Indomaret,Kalibata,Pancoran,Kota Jakarta Selatan,2,533.36,0,92.58311053229849,pasar kaget,1,14,0.8649662758470895,-1,0.5277
indomaret,4.2,5,-6.2563574,106.8502356,"apartemen kalibata city green palace tower tulip, no 1, selatan rt.9/rw.4, jl. raya kalibata, rt.9/rw.4, rawajati, kota jakarta selatan",ChIJkUGyILPzaS4RS2iZ8BGqPkc,Indomaret,Rawajati,Pancoran,Kota Jakarta Selatan,6,183.23,0,961.8186828166556,pasar kaget pengadegan,0,13,1.0,15,0.3735
indomaret point stasiun kalibata,4.4,27,-6.255365599999999,106.8549931,"pvv3+vx5, jl. rawajati bar., rt.6/rw.7, rawajati, kota jakarta selatan",ChIJzXZzEq3zaS4REp5urTglWeE,Indomaret,Rawajati,Pancoran,Kota Jakarta Selatan,6,143.03,0,570.2210503596061,pasar kaget pengadegan,0,13,1.0,-1,0.2235
indomaret kemang timur raya {t01a},4.0,13,-6.2681964,106.8239824,"jalan kemang timur, rt.7/rw.3, bangka, mampang prapatan, rt.7/rw.3, bangka, kota jakarta selatan",ChIJ89CaVi_yaS4Rmq471uckjw0,Indomaret,Bangka,Mampang Prapatan,Kota Jakarta Selatan,2,215.0,0,1480.2461018180707,pasar warung buncit,0,-1,0.0,-1,0.0412
indomaret,3.6,10,-6.2627434,106.830664,"jl. warung buncit raya no.1 a, rt.5/rw.3, kalibata, kota jakarta selatan",ChIJ420LHDLyaS4RhHEuu5hwBX8,Indomaret,Kalibata,Pancoran,Kota Jakarta Selatan,3,349.19,0,856.5928814062976,pasar kaget,0,14,0.8042464688945224,-1,0.1422
indomaret angsana,4.4,28,-6.2720279,106.8486037,"jl. angsana raya no.11, rt.10/rw.4, pejaten tim., kota jakarta selatan",ChIJJYdxEkTyaS4RUCWdYxW7wqA,Indomaret,Pejaten Timur,Pasar Minggu,Kota Jakarta Selatan,4,8.15,1,1824.048318246342,pasar kaget,0,-1,0.0,16,0.2324
indomaret warung jati,4.1,127,-6.2694594,106.8377558,"jl. siaga raya no.7b, rt.12/rw.4, pejaten bar., kota jakarta selatan",ChIJCQpntznyaS4R5HJ1zQCwkB4,Indomaret,Pejaten Barat,Pasar Minggu,Kota Jakarta Selatan,5,24.49,1,1089.8679337967192,pasar kaget,0,14,1.0,-1,0.2029
indomaret warga siaga,4.5,20,-6.272292699999999,106.8391874,"jl. warga baru no.4b 17, rt.17/rw.3, pejaten bar., kota jakarta selatan",ChIJITbO1jjyaS4RS5lw3N7iBVM,Indomaret,Pejaten Barat,Pasar Minggu,Kota Jakarta Selatan,5,90.81,0,1413.68600864,pasar kaget,0,14,1.0,-1,0.2029
indomaret,4.4,243,-6.2518104,106.8145478,"jl. bangka raya no.105, rt.1/rw.12, pela mampang, kota jakarta selatan",ChIJ0dTG_nzxaS4RT0V7owX_qpg,Indomaret,Pela Mampang,Mampang Prapatan,Kota Jakarta Selatan,4,65.41,0,1290.7224546737648,pasar warung buncit,0,9,0.7883089672604695,-1,0.1612
indomaret spbu kemang,4.5,98,-6.2668841,106.8157034,"spbu kemang, jl. kemang raya no.7, rw.2, bangka, kota jakarta selatan",ChIJXaV9uofxaS4R737kEcz9UiE,Indomaret,Bangka,Mampang Prapatan,Kota Jakarta Selatan,2,597.01,0,1537.8600547366188,pasar cipete selatan,0,9,0.6371508251636194,-1,0.1049
indomaret buncit warung jati. {t8nd},4.4,206,-6.262678699999999,106.8306876,"jl. kalibata tengah xvi no.1, rt.5/rw.9, kalibata, kota jakarta selatan",ChIJcTAiHDLyaS4R0aVLrIbKjmg,Indomaret,Kalibata,Pancoran,Kota Jakarta Selatan,3,344.5,0,851.339354819694,pasar kaget,0,14,0.8017165056018936,-1,0.1419
indomaret warung jati,5.0,1,-6.2613007,106.8289744,"jl. warung buncit raya no.25, rt.7/rw.3, kalibata, kota jakarta selatan",ChIJSXpPIvDzaS4RKSuxd1gXm2Q,Indomaret,Kalibata,Pancoran,Kota Jakarta Selatan,2,514.12,0,784.4371515562996,pasar warung buncit,0,14,0.9429817297234564,-1,0.1355
kemang timur indomaret,4.2,207,-6.2639511,106.8236563,"jl. kemang timur no.38, rt.8/rw.3, bangka, kota jakarta selatan",ChIJQZigUinyaS4R4ofKanmV2lI,Indomaret,Bangka,Mampang Prapatan,Kota Jakarta Selatan,2,259.08,0,1022.0529647695179,pasar warung buncit,0,-1,0.0,-1,0.0412
indomaret point kemang,4.4,196,-6.2602656,106.815172,"jl. kemang raya no.8, rt.8/rw.2, bangka, kota jakarta selatan",ChIJS0XcTYDxaS4R7ku6ssO11Gs,Indomaret,Bangka,Mampang Prapatan,Kota Jakarta Selatan,2,438.96,0,1309.836853076379,pasar warung buncit,0,9,0.6543790137412634,-1,0.1066
indomaret kemang mampang tjkc,3.4,16,-6.2555529,106.8123381,"jl. kemang raya no.15, rt.13/rw.1, bangka, kota jakarta selatan",ChIJN7p70X7xaS4R6VpOujMI_Wo,Indomaret,Bangka,Mampang Prapatan,Kota Jakarta Selatan,3,426.42,0,1486.4063263523085,pasar warung buncit,0,9,0.6230549886230525,-1,0.1241
indomaret kemang selatan 8 t6zo,4.5,225,-6.2674666,106.8139114,"jl. kemang selatan viii no.67f, rt.7/rw.2, bangka, kota jakarta selatan",ChIJDVvROIbxaS4RE-sW0bxd2kc,Indomaret,Bangka,Mampang Prapatan,Kota Jakarta Selatan,3,410.92,0,1380.6108512449564,pasar cipete selatan,0,9,0.653585036875727,-1,0.1271
fresh indomaret kemang,4.4,382,-6.272597699999999,106.8149503,"jl. kemang raya no.128, rt.3/rw.2, bangka, kota jakarta selatan",ChIJsVZkdYnxaS4RtDwdFb5B2t0,Indomaret,Bangka,Mampang Prapatan,Kota Jakarta Selatan,2,51.52,0,1002.3750402522509,pasar cipete selatan,0,9,0.593647981118296,-1,0.1005
indomaret birah senayan,4.1,168,-6.2353007,106.8152731,"no.13, jl. birah i no.1, rt.5/rw.6, rw. bar., kota jakarta selatan",ChIJkYWOBl_xaS4RmTTy6oeqFXc,Indomaret,Rawa Barat,Kebayoran Baru,Kota Jakarta Selatan,2,413.77,0,393.93395016595514,pasar santa,1,-1,0.0,-1,0.4412
indomaret,5.0,2,-6.255084,106.8144756,"jl. bangka raya no.5d, rt.13/rw.1, bangka, kota jakarta selatan",ChIJna8wx9fxaS4RYJPoLhdWN9A,Indomaret,Bangka,Mampang Prapatan,Kota Jakarta Selatan,4,298.69,0,1248.920359807119,pasar warung buncit,0,9,0.7883089672604695,-1,0.1612
indomaret apartemen kemang jaya,4.0,9,-6.2646261,106.813776,"jl. taman kemang jaya no.9, rw.2, bangka, kota jakarta selatan",ChIJGQe3OH7xaS4RIoThryrl3zc,Indomaret,Bangka,Mampang Prapatan,Kota Jakarta Selatan,4,437.69,0,1660.0575692044242,pasar cipete selatan,0,9,0.6543790137412634,-1,0.1478
indomaret point kemang (argo promosi),4.7,71,-6.2617066,106.8155229,"jl. kemang raya no.36, rt.12/rw.5, bangka, kota jakarta selatan",ChIJ_YNG5YDxaS4RQpg-Vbilhmw,Indomaret,Bangka,Mampang Prapatan,Kota Jakarta Selatan,2,552.46,0,1356.257470647594,pasar warung buncit,0,9,0.6543790137412634,-1,0.1066
indomaret kalibata utara,4.5,101,-6.2604007,106.837657,"jl. kalibata utara ii no.37, rt.7/rw.7, kalibata, kota jakarta selatan",ChIJiXNZXIjzaS4RjQ-7sFoVCPU,Indomaret,Kalibata,Pancoran,Kota Jakarta Selatan,4,466.48,0,83.44289576426259,pasar kaget,1,14,1.0,-1,0.5824
indomaret pasar minggu,4.1,77,-6.2804467,106.844865,"jl. raya pasar minggu no.8, rt.6/rw.1, ps. minggu, kota jakarta selatan",ChIJz_____DtaS4R2Q5FIFxTxv8,Indomaret,Pasar Minggu,Pasar Minggu,Kota Jakarta Selatan,0,539.08,0,1154.0936691420736,pasar minggu,0,-1,0.0,-1,0.0
indomaret point ampera,4.3,264,-6.2819344,106.8197334,"5, jl. ampera raya no.135, rt.5/rw.10, ragunan, kota jakarta selatan",ChIJSdmaRR7yaS4Rz1S6S2xE9kw,Indomaret,Ragunan,Pasar Minggu,Kota Jakarta Selatan,0,530.16,0,1351.9737517644037,pasar cipete selatan,0,-1,0.0,-1,0.0
indomaret,5.0,1,-6.2794572,106.8335032,"prcm+59q, rt.13/rw.2, jati padang, kota jakarta selatan",ChIJNb3Las7zaS4R0UHAjC6iv1A,Indomaret,Jati Padang,Pasar Minggu,Kota Jakarta Selatan,3,163.24,0,1335.7743836087006,pasar minggu,0,-1,0.0,46,0.2118
indomaret,4.6,81,-6.275748999999999,106.8414378,"jl. pejaten raya no.1b, rt.7, pejaten bar., kota jakarta selatan",ChIJ63ebeEDyaS4RkvBsuy-1j3o,Indomaret,Pejaten Barat,Pasar Minggu,Kota Jakarta Selatan,3,125.35,0,1549.9342194214375,pasar minggu,0,14,0.7928191750421003,-1,0.141
indomaret cikajang. f4o3,3.8,33,-6.2394178,106.8107532,"1, jl. cikajang no.1, rt.1/rw.5, petogogan, kota jakarta selatan",ChIJC8mjQGfxaS4RkOquMhj4bMM,Indomaret,Petogogan,Kebayoran Baru,Kota Jakarta Selatan,3,74.49,0,289.8095694767695,pasar santa,1,-1,0.0,17,0.6118
indomaret cipaku 1 no. 33,0.0,0,-6.239303899999999,106.8121988,"jl. cipaku i no.2, rw.4, petogogan, kota jakarta selatan",ChIJXxPvJBLxaS4RtgUwzQoQGtQ,Indomaret,Petogogan,Kebayoran Baru,Kota Jakarta Selatan,3,232.55,0,168.65869299907916,pasar santa,1,9,0.6961530559660932,17,0.6814
indomaret wolter mongonsidi,4.4,150,-6.2385571,106.817085,"1, jl. kapten tendean no.125, rt.1/rw.2, rw. bar., kota jakarta selatan",ChIJB9ECK93xaS4R_Mj4ihkqHJI,Indomaret,Rawa Barat,Kebayoran Baru,Kota Jakarta Selatan,3,0.04,1,462.9116835757973,pasar santa,1,9,0.7603119017441269,45,0.6878
indomaret,5.0,1,-6.2258532,106.8588152,"blok a, jl. gudang peluru barat, jl. kh. abd. syafei'i no.17, rt.4/rw.3, kb. baru, kota jakarta selatan",ChIJq-_X7gzzaS4RvoAmsWNp4Qk,Indomaret,Kebon Baru,Tebet,Kota Jakarta Selatan,16,6.21,1,977.3941733513097,pasar jaya bukit duri,0,22,1.0,2,0.5794
indomaret hybrid pejaten raya,4.3,256,-6.279562299999999,106.8367311,"jl. pejaten raya no.42, rt.8/rw.10, jati padang, kota jakarta selatan",ChIJL-7KwRXyaS4R1KfdS1lXbjA,Indomaret,Jati Padang,Pasar Minggu,Kota Jakarta Selatan,3,95.15,0,1172.9993534295754,pasar minggu,0,14,0.8565464477500906,46,0.2974
indomaret fatmawati 33d,5.0,1,-6.2664857,106.7975475,"rt 03 no, jl. rs. fatmawati raya no.33c, rt.2/rw.2, gandaria sel., kota jakarta selatan",ChIJsZgWTnXxaS4R_vrbAMPG_9c,Indomaret,Gandaria Selatan,Cilandak,Kota Jakarta Selatan,12,46.97,1,1761.0174065272306,pasar cipete selatan,0,21,1.0,18,0.4971
indomaret,4.6,43,-6.2627085,106.7887445,"jl. radio dalam raya no.12a, rt.7/rw.10, gandaria utara, kota jakarta selatan",ChIJvygfS6HxaS4RL3sTDNNU6fY,Indomaret,Gandaria Utara,Kebayoran Baru,Kota Jakarta Selatan,2,35.81,1,2460.9040735141507,pasar mayestik,0,-1,0.0,-1,0.0412
indomaret,4.3,7,-6.2774015,106.7765376,"pertokoan taman hijau baru, jalan bukit hijau 1 no. 14, pondok pinang, kebayoran lama, rt.1/rw.13, pd. pinang, kota jakarta selatan",ChIJkx-NPnL4aS4RDbS5_c6xsp4,Indomaret,Pondok Pinang,Kebayoran Lama,Kota Jakarta Selatan,6,3.35,1,2318.9039877900486,pasar mede pd pasar jaya,0,8,1.0,-1,0.2235
indomaret,4.7,3,-6.278223100000001,106.797096,"jl. rs. fatmawati raya no.7, rt.8/rw.6, gandaria sel., kota jakarta selatan",ChIJzVqDlcTxaS4Rwlnqrz5hXbo,Indomaret,Gandaria Selatan,Cilandak,Kota Jakarta Selatan,6,201.62,0,971.2135469627709,pasar mede pd pasar jaya,0,19,1.0,19,0.3735
indomaret,4.3,42,-6.2857772,106.7808844,"pq7j+p92, jl. metro pondok indah, rt.3/rw.14, pd. pinang, kota jakarta selatan",ChIJLWcbOM_xaS4RIMEFJuZjRvY,Indomaret,Pondok Pinang,Kebayoran Lama,Kota Jakarta Selatan,4,152.36,0,1595.1464147292284,pasar mede pd pasar jaya,0,8,0.864520734933026,20,0.3188
indomaret,0.0,0,-6.2910563,106.7949517,"jl. pejaten raya no.19 a, rt.18/rw.2, jati padang, kota jakarta selatan",ChIJZW196Q7xaS4R95E7nWT6Da4,Indomaret,Jati Padang,Cilandak,Kota Jakarta Selatan,6,85.95,0,478.09001042560624,pasar mede pd pasar jaya,1,16,1.0,21,0.7735
indomaret ciputat raya 4,4.1,18,-6.2829641,106.7806074,"jl. ciputat raya no.4, rt.9/rw.2, pd. pinang, kota jakarta selatan",ChIJd-fx6q3xaS4RLtxCS_G0RvY,Indomaret,Pondok Pinang,Kebayoran Lama,Kota Jakarta Selatan,3,166.21,0,1676.2289929708359,pasar mede pd pasar jaya,0,8,0.864520734933026,20,0.2982
indomaret - plaza satu pondok indah,4.2,9,-6.2843295,106.7811145,"jl. taman duta i no.7, rt.4/rw.14, pd. pinang, kota jakarta selatan",ChIJn2i-wMjxaS4RporVNR8Svs0,Indomaret,Pondok Pinang,Kebayoran Lama,Kota Jakarta Selatan,3,16.84,1,1589.22450117827,pasar mede pd pasar jaya,0,8,0.864520734933026,20,0.2982
indomaret spbu terogong,4.8,8,-6.2821542,106.7916131,"jl. terogong raya no.16, rt.10/rw.10, cilandak bar., kota jakarta selatan",ChIJj-UaO5zxaS4RHGBB4QPZ-0Y,Indomaret,Cilandak Barat,Cilandak,Kota Jakarta Selatan,2,84.56,0,654.0634643883272,pasar mede pd pasar jaya,0,19,0.9418554728461154,-1,0.1354
indomaret ciputat raya 1 {ttdq},4.6,7,-6.269582199999999,106.7748789,"jl. ciputat raya no.1 3 11, rt.3/rw.11, pd. pinang, kota jakarta selatan",ChIJY-C-8sPxaS4RnTlXQJ-0AgA,Indomaret,Pondok Pinang,Kebayoran Lama,Kota Jakarta Selatan,3,336.6,0,2814.7232415546227,pasar pesanggrahan,0,8,0.9250975271083702,-1,0.1543
indomaret pondok pinang,4.4,131,-6.277701,106.7728599,"jl. ciputat raya no.9, rt.1/rw.7, pd. pinang, kota jakarta selatan",ChIJFzBJ_bTxaS4R8JON9mw_ULs,Indomaret,Pondok Pinang,Kebayoran Lama,Kota Jakarta Selatan,5,257.41,0,2675.551170368305,pasar mede pd pasar jaya,0,8,1.0,-1,0.2029
indomaret fatmawati raya,4.2,18,-6.2695941,106.7975764,"jl. rs. fatmawati raya no.27, rt.1/rw.5, cipete sel., kota jakarta selatan",ChIJDwAAAJHxaS4RELZlVPfYtVg,Indomaret,Cipete Selatan,Cilandak,Kota Jakarta Selatan,9,136.5,0,1515.293551939012,pasar cipete selatan,0,21,1.0,18,0.4353
indomaret ciputat raya 5,4.0,1,-6.2776029,106.7794317,"jl. ciputat raya no.01, rt.11/rw.15, pd. pinang, kota jakarta selatan",ChIJE1VVVbbxaS4R4pD7bmqkkgI,Indomaret,Pondok Pinang,Kebayoran Lama,Kota Jakarta Selatan,3,324.01,0,2026.8328784434723,pasar mede pd pasar jaya,0,8,1.0,-1,0.1618
indomaret ciputat raya 5,4.0,27,-6.2711724,106.7755201,"indomaret, jl. ciputat raya no.5, rt.1/rw.6, pd. pinang, kota jakarta selatan",ChIJmeRBFrLxaS4RmHuZnxbwxI8,Indomaret,Pondok Pinang,Kebayoran Lama,Kota Jakarta Selatan,2,481.18,0,2789.0431703874647,pasar mede pd pasar jaya,0,8,1.0,-1,0.1412
indomaret spbu simatupang,4.2,22,-6.2928207,106.794356,"pq4v+vph, jl. r.a. kartini, rt.1/rw.4, cilandak bar., kota jakarta selatan",ChIJPd3qm93xaS4Ry_DGnmEAInk,Indomaret,Cilandak Barat,Cilandak,Kota Jakarta Selatan,7,171.86,0,680.6266105790997,pasar mede pd pasar jaya,0,16,1.0,21,0.3941
indomaret golden fatmawati,0.0,0,-6.2777755,106.7968703,"jl. rs. fatmawati no. 15 ab gandaria selatan cilandak jakarta selatan dki jakarta rt.8, rw.6, gandaria sel., kota jakarta selatan",ChIJSShBVZDxaS4Rte30BlBPAO4,Indomaret,Gandaria Selatan,Cilandak,Kota Jakarta Selatan,5,246.13,0,1015.3554806692191,pasar mede pd pasar jaya,0,19,1.0,19,0.3529
indomaret bintaro mulia.,2.0,2,-6.2609562,106.7672112,"jl. rc. veteran raya no.2, rt.10/rw.10, bintaro, kota jakarta selatan",ChIJcQydolXwaS4RhUhvgR38H7M,Indomaret,Bintaro,Pesanggrahan,Kota Jakarta Selatan,8,4.75,1,1539.9952895782528,pasar pesanggrahan,0,8,1.0,-1,0.2647
indomaret metro pondok indah,4.3,480,-6.2743949,106.7827922,"blok tc, jl. metro pondok indah no.11, rt.2/rw.15, pd. pinang, kota jakarta selatan",ChIJm56pCbrxaS4RgzDUcFCWSR0,Indomaret,Pondok Pinang,Kebayoran Lama,Kota Jakarta Selatan,0,770.81,0,1949.1087070675121,pasar mede pd pasar jaya,0,-1,0.0,-1,0.0
indomaret taman cilandak,5.0,4,-6.2930967,106.7920496,"jl. taman cilandak raya no.9, rt.11/rw.4, cilandak bar., kota jakarta selatan",ChIJv01rArvxaS4RuUFeXimA3zk,Indomaret,Cilandak Barat,Cilandak,Kota Jakarta Selatan,10,323.5,0,789.0904918165419,pasar mede pd pasar jaya,0,16,1.0,21,0.4559
indomaret ciputat 18,4.1,69,-6.2638128,106.7750009,"pqpg+f2c, jl. raya ciputat, rt.6/rw.1, pd. pinang, kota jakarta selatan",ChIJQzFdk6vxaS4Ri6I1vWvx4_s,Indomaret,Pondok Pinang,Kebayoran Lama,Kota Jakarta Selatan,4,67.87,0,2418.2129805047084,pasar pesanggrahan,0,8,1.0,22,0.3324
indomaret h. muhi,4.2,70,-6.2666653,106.7706362,"jl. haji muhi raya, rt.10/rw.4, pondok pinang, kebayoran lama, jl. h. muhi raya no.39, rt.10/rw.4, pd. pinang, kota jakarta selatan",ChIJTfxSM1PwaS4RgYyvQDCry1A,Indomaret,Pondok Pinang,Kebayoran Lama,Kota Jakarta Selatan,1,465.14,0,2255.4572537857644,pasar pesanggrahan,0,8,1.0,-1,0.1206
indomaret abu serin,4.5,10,-6.275743299999999,106.7971777,"jl. abuserin no.5, rt.10/rw.6, gandaria sel., kota jakarta selatan",ChIJXQQSNpTxaS4RsGiRh1Rrct0,Indomaret,Gandaria Selatan,Cilandak,Kota Jakarta Selatan,4,474.54,0,1235.186577692869,pasar cipete selatan,0,19,1.0,19,0.3324
indomaret,2.0,4,-6.289838899999999,106.7781069,"jl. r.a. kartini no.49, rt.9/rw.7, lb. bulus, kota jakarta selatan",ChIJEaTZ42DxaS4R044D9l8J_vQ,Indomaret,Lebak Bulus,Cilandak,Kota Jakarta Selatan,2,299.91,0,1928.7488983081018,pasar mede pd pasar jaya,0,-1,0.0,-1,0.0412
indomaret fatmawati 20,0.0,0,-6.281351099999999,106.7963965,"pq9w+fh2, west cilandak, kota jakarta selatan",ChIJrTZnpp_xaS4RW53IaKnPsIc,Indomaret,West Cilandak,Cilandak,Kota Jakarta Selatan,6,155.06,0,614.9389497244758,pasar mede pd pasar jaya,0,19,1.0,19,0.3735
indomaret fatmawati 2,3.8,11,-6.268205399999999,106.7970959,"jalan rs. fatmawati no. 5, cilandak, rt.1/rw.3, gandaria sel., kota jakarta selatan",ChIJFb9gM5jxaS4Rq1wKzoM3qas,Indomaret,Gandaria Selatan,Cilandak,Kota Jakarta Selatan,10,65.23,0,1657.841519821934,pasar cipete selatan,0,21,1.0,18,0.4559
indomaret haji nawi ( tq03 ),0.0,0,-6.2637034,106.7954092,"4, jl. h. nawi raya no.28a, rt.4/rw.7, gandaria sel., kota jakarta selatan",ChIJ4dWEmRnxaS4RQFHJI6sgsqk,Indomaret,Gandaria Selatan,Cilandak,Kota Jakarta Selatan,9,368.59,0,2149.666273974542,pasar cipete selatan,0,21,0.7310386735947354,-1,0.2584
indomaret rc veteran,4.4,223,-6.2645803,106.7664311,"jl. rc. veteran raya jl. dahlia no.42e, rt.9/rw.3, bintaro, kota jakarta selatan",ChIJUfoIE1TwaS4RtWJPNqpLxvY,Indomaret,Bintaro,Pesanggrahan,Kota Jakarta Selatan,6,65.49,0,1779.1744813649104,pasar pesanggrahan,0,8,1.0,24,0.3735
indomaret madrasah,4.3,89,-6.266464999999999,106.7914699,"no, jl. madrasah no.17, rt.7/rw.1, gandaria sel., kota jakarta selatan",ChIJ14sVU6LxaS4Rrt0AdBPZjQM,Indomaret,Gandaria Selatan,Cilandak,Kota Jakarta Selatan,1,180.17,0,2261.4893683742785,pasar cipete selatan,0,-1,0.0,-1,0.0206
indomaret ciputat raya ta3p,4.3,59,-6.2585712,106.7773998,"jl. ciputat raya no.35, rw.10, kby. lama sel., kota jakarta selatan",ChIJd734LwfxaS4R9GSRMspZ-XE,Indomaret,Kebayoran Lama Selatan,Kebayoran Lama,Kota Jakarta Selatan,1,170.81,0,2401.127570769308,pasar pesanggrahan,0,8,0.8237706200406218,-1,0.103
mitra umkm indomaret,0.0,0,-6.2695104,106.7975699,"pqjx+52v, jl. rs. fatmawati raya, rt.6/rw.5, cipete sel., kota jakarta selatan",ChIJYWqPfpfxaS4RB7eEa52T3-0,Indomaret,Cipete Selatan,Cilandak,Kota Jakarta Selatan,9,144.4,0,1521.8814959445458,pasar cipete selatan,0,21,1.0,18,0.4353
indomaret bdn raya,4.2,66,-6.279392199999999,106.7984418,"jl. bdn raya no.10, rt.10/rw.11, cilandak bar., kota jakarta selatan",ChIJKZqyypTxaS4RkjwUtyXrkBY,Indomaret,Cilandak Barat,Cilandak,Kota Jakarta Selatan,6,210.52,0,891.5441716125597,pasar mede pd pasar jaya,0,19,1.0,19,0.3735
indomaret h. batong,3.9,60,-6.286857899999999,106.7903161,"jl. h.batong raya rt007/rw006, cilandak barat, cilandak, rt.7/rw.6, west cilandak, kota jakarta selatan",ChIJAQAAAOfxaS4R6wrqsJtf5pk,Indomaret,West Cilandak,Cilandak,Kota Jakarta Selatan,2,81.85,0,548.9623806501858,pasar mede pd pasar jaya,0,19,0.9190789869039019,-1,0.1331
indomaret depsos raya,4.3,294,-6.2635979,106.7636982,"jl. depsos raya no.4, rw.1, bintaro, kota jakarta selatan",ChIJfdJDkFbwaS4RzRPhnmq9ySw,Indomaret,Bintaro,Pesanggrahan,Kota Jakarta Selatan,6,36.91,1,1520.893049239131,pasar pesanggrahan,0,8,1.0,24,0.3735
indomaret panglima polim - blok a,4.0,29,-6.2576762,106.7967995,"jl. rs. fatmawati raya no.1, gandaria utara, kota jakarta selatan",ChIJCZIzrZ_xaS4RiJX_wvOeaH4,Indomaret,Gandaria Utara,Kebayoran Baru,Kota Jakarta Selatan,7,266.18,0,1977.1680708154017,pasar mayestik,0,21,0.6351834121826689,23,0.3576
indomaret pupan ciputat,5.0,11,-6.2831678,106.7717267,"jl. pupan no: 01 rt 07 / rw 08, pondok pinang, kebayoran lama, rt.11/rw.15, pd. pinang, kota jakarta selatan",ChIJE1VVVbbxaS4RJVUwg--0dq4,Indomaret,Pondok Pinang,Kebayoran Lama,Kota Jakarta Selatan,2,22.26,1,2634.1220636950493,pasar mede pd pasar jaya,0,-1,0.0,-1,0.0412
rc indomaret veteran 2. f70u,4.2,19,-6.2763063,106.7624003,"pqf6+fxg, jl. rc. veteran raya, rt.3/rw.11, bintaro, kota jakarta selatan",ChIJEUakJUnwaS4R5nVu-_yApX4,Indomaret,Bintaro,Pesanggrahan,Kota Jakarta Selatan,2,75.28,0,2797.6608564428693,pasar pesanggrahan,0,-1,0.0,-1,0.0412
indomaret,0.0,0,-6.26411,106.7988205,"pqpx+9g4, unnamed road, rt.1/rw.5, north cipete, kota jakarta selatan",ChIJF69gRyfxaS4R72RSYGIDZyU,Indomaret,North Cipete,Kebayoran Baru,Kota Jakarta Selatan,10,213.76,0,1888.346094459713,pasar cipete selatan,0,21,0.9275450997073971,18,0.4486
indomaret,4.4,26,-6.2962454,106.7892345,"pq3q+gmh, jl. lb. bulus i, rt.3/rw.4, cilandak bar., kota jakarta selatan",ChIJsbv9uN7xaS4RK2vE-f9VboA,Indomaret,Cilandak Barat,Cilandak,Kota Jakarta Selatan,3,54.31,0,1247.8184622981876,pasar mede pd pasar jaya,0,-1,0.0,-1,0.0618
indomaret bintaro graha,4.3,18,-6.2573003,106.7640903,"jl. bintaro permai, rt.2/rw.9, bintaro, kota jakarta selatan",ChIJt____1DwaS4RKkfX8UBEtdo,Indomaret,Bintaro,Pesanggrahan,Kota Jakarta Selatan,3,254.84,0,1015.0547406293,pasar pesanggrahan,0,8,1.0,-1,0.1618
indomaret,4.7,3,-6.265670699999999,106.7753023,"rt.5/rw.2, pd. pinang, kota jakarta selatan",ChIJBXn-SFTxaS4R7R3uiSMUobE,Indomaret,Pondok Pinang,Kebayoran Lama,Kota Jakarta Selatan,5,110.69,0,2564.9178701756978,pasar pesanggrahan,0,8,1.0,22,0.3529
indomaret damai fatmawati. fq84,4.1,36,-6.2600751,106.7970731,"jl. damai raya no.6, rt.1/rw.5, north cipete, kota jakarta selatan",ChIJXw0Sy5_xaS4RW8YkG7Tx-_8,Indomaret,Cipete Utara,Kebayoran Baru,Kota Jakarta Selatan,6,59.63,0,2241.1305514043165,pasar mayestik,0,21,0.6261213180939657,23,0.3361
indomaret bona indah 2,4.9,15,-6.2963167,106.7891712,"jl. lb. bulus i no.35b, rt.3/rw.4, cilandak bar., kota jakarta selatan",ChIJF35byhHxaS4RhU4r6frWhIo,Indomaret,Cilandak Barat,Cilandak,Kota Jakarta Selatan,3,61.34,0,1258.2620065823116,pasar mede pd pasar jaya,0,-1,0.0,-1,0.0618
indomaret kodam bintaro,4.4,82,-6.2590333,106.7597615,"pqr5+9wp, jl. bintaro permai, rt.4/rw.3, pesanggrahan, kota jakarta selatan",ChIJs2ElFvjwaS4RxGz06AXOrTg,Indomaret,Pesanggrahan,Pesanggrahan,Kota Jakarta Selatan,2,398.49,0,871.8166265347601,pasar pesanggrahan,0,8,0.9180015044583134,-1,0.133
indomaret veteran 42,4.4,11,-6.264296,106.7661822,"jl. rc. veteran raya no.42, rt.3/rw.1, bintaro, kota jakarta selatan",ChIJo_xXbVTwaS4RzpuiYgv408Y,Indomaret,Bintaro,Pesanggrahan,Kota Jakarta Selatan,6,88.48,0,1737.3820228530026,pasar pesanggrahan,0,8,1.0,24,0.3735
indomaret plus,4.3,229,-6.296373399999999,106.7948721,"5, jl. rs. fatmawati raya no.35, rt.5/rw.4, cilandak bar., kota jakarta selatan",ChIJd96Hv-DxaS4RHJwKA-4iFZI,Indomaret,Cilandak Barat,Cilandak,Kota Jakarta Selatan,5,228.26,0,1068.8896714290229,pasar mede pd pasar jaya,0,16,1.0,21,0.3529
post shop indomaret,3.0,5,-6.2947447,106.795399,"jl. rs. fatmawati raya no.10, rt.1/rw.4, cilandak bar., kota jakarta selatan",ChIJbd1pUOfxaS4Rt-kFPuyDtsk,Indomaret,Cilandak Barat,Cilandak,Kota Jakarta Selatan,7,89.95,0,886.9193588353074,pasar mede pd pasar jaya,0,16,1.0,21,0.3941
indomaret,3.7,33,-6.2180145,106.7953619,"indomaret, jl. ridwan i no.5, rt.5/rw.7, grogol utara, kota jakarta selatan",ChIJw8ErsUrxaS4RHLDUy4GJLKU,Indomaret,Grogol Utara,Kebayoran Lama,Kota Jakarta Selatan,2,195.86,0,2564.236068805119,pasar mayestik,0,-1,0.0,-1,0.0412
indomaret,5.0,1,-6.2321661,106.769049,"jl. h. husin no.7, rt.7/rw.13, grogol sel., kota jakarta selatan",ChIJ7wOa9NjwaS4RlE5wVtVplPI,Indomaret,Grogol Selatan,Kebayoran Lama,Kota Jakarta Selatan,2,600.57,0,413.8741978015442,pasar cidodol,1,-1,0.0,-1,0.4412
indomaret kebayoran lama 2 {thc1},3.7,23,-6.218096999999999,106.778701,"jl. raya kby. lama no.27, rt.5/rw.1, grogol utara, kota jakarta selatan",ChIJf6MZFinxaS4RyCeGToSenpA,Indomaret,Grogol Utara,Kebayoran Lama,Kota Jakarta Selatan,1,307.94,0,1799.1652636267816,pasar cidodol,0,-1,0.0,-1,0.0206
indomaret kemandoran,4.2,302,-6.2134016,106.7907194,"jl. kemandoran i, rt.5/rw.16, grogol utara, kota jakarta selatan",ChIJNRM7bsn2aS4R8hvF8YZwxCM,Indomaret,Grogol Utara,Kebayoran Lama,Kota Jakarta Selatan,1,682.38,0,2965.0638638125934,pasar cidodol,0,-1,0.0,-1,0.0206
indomaret,4.0,1,-6.2444003,106.7725752,"jl. peninggaran raya no.9, rw.11, kby. lama utara, kota jakarta selatan",ChIJSY442R3xaS4RiKFQ5S2VbxE,Indomaret,Kebayoran Lama Utara,Kebayoran Lama,Kota Jakarta Selatan,3,91.9,0,955.183077503202,pasar sayur cipulir,0,-1,0.0,-1,0.0618
indomaret kebayoran lama 3,4.5,24,-6.2330232,106.7804064,"jl. raya kby. lama no.227, rt.10/rw.1, grogol sel., kota jakarta selatan",ChIJob7ukyTxaS4RigRph3C5HUU,Indomaret,Grogol Selatan,Kebayoran Lama,Kota Jakarta Selatan,2,548.91,0,855.5710557040329,pasar cidodol,0,7,1.0,-1,0.1412
indomaret gandaria city,4.4,91,-6.245896699999999,106.78401,"jl. kh. moh. syafi'i hadzami no.45, rt.9/rw.6, kby. lama utara, kota jakarta selatan",ChIJM5u87BDxaS4Rgyv0HFQy6ZY,Indomaret,Kebayoran Lama Utara,Kebayoran Lama,Kota Jakarta Selatan,4,405.92,0,996.3340647394293,pasar mayestik,0,18,0.667535243192438,-1,0.1491
indomaret panjang cidodol 3,4.4,14,-6.2321222,106.769101,"jl. masjid cidodol rt. 009 / rw. 012 no: 65a, rt.7/rw.9, south grogol, kota jakarta selatan",ChIJGwAAADvxaS4RE8wz9nSvxB4,Indomaret,South Grogol,Kebayoran Lama,Kota Jakarta Selatan,2,605.46,0,409.6235288348988,pasar cidodol,1,-1,0.0,-1,0.4412
indomaret bungur raya2 {fuff},4.0,18,-6.2450426,106.780055,"jalan bunguran, rt.12/rw.2, kby. lama sel., kota jakarta selatan",ChIJ_46xkBrxaS4ReC4bR5CD23A,Indomaret,Kebayoran Lama Selatan,Kebayoran Lama,Kota Jakarta Selatan,5,334.68,0,1340.0054306349266,pasar mayestik,0,18,0.8397448725458945,25,0.3369
indomaret kemandoran 8,3.8,35,-6.2131316,106.7865443,"jl. kemandoran viii no.5, rw.11, grogol utara, kota jakarta selatan",ChIJT8mnns72aS4RPfUpbeXysQo,Indomaret,Grogol Utara,Kebayoran Lama,Kota Jakarta Selatan,1,714.84,0,2700.9758861029577,pasar cidodol,0,-1,0.0,-1,0.0206
indomaret patal senayan,4.1,122,-6.2187177,106.7954941,"jl. patal senayan no.5, rw.7, grogol utara, kota jakarta selatan",ChIJPQAAAM32aS4RcEnvkUaMIR4,Indomaret,Grogol Utara,Kebayoran Lama,Kota Jakarta Selatan,2,192.73,0,2489.873175226543,pasar mayestik,0,-1,0.0,-1,0.0412
indomaret ciputat raya 2,4.4,22,-6.2463603,106.7796743,"jl. raya ciputat, rt.8/rw.4, kby. lama utara, kota jakarta selatan",ChIJfYz0UxrxaS4RDiV8YKP8J24,Indomaret,Kebayoran Lama Utara,Kebayoran Lama,Kota Jakarta Selatan,5,191.35,0,1436.8787134165357,pasar mayestik,0,18,1.0,25,0.3529
indomaret,4.1,57,-6.2483714,106.7903916,"jl. gandaria 1 no.67, rt.2/rw.8, kramat pela, kota jakarta selatan",ChIJXUBFcBLxaS4RdvT3g4SaRRs,Indomaret,Kramat Pela,Kebayoran Baru,Kota Jakarta Selatan,7,35.41,1,856.3794490819653,pasar mayestik,0,20,1.0,26,0.3941
indomaret kh ahcmad dahlan. {twxj},4.1,27,-6.2458778,106.7920332,"qq3r+jrr, jalan kh. achmad dahlan, rt.3/rw.1, kramat pela, kota jakarta selatan",ChIJuxnwDxPxaS4R4BeT2kbalvE,Indomaret,Kramat Pela,Kebayoran Baru,Kota Jakarta Selatan,7,264.42,0,576.7604266620419,pasar mayestik,0,20,1.0,26,0.3941
indomaret kebayoran lama 1,4.2,373,-6.2381749,106.7808075,"jl. raya kby. lama no.4, rt.2/rw.1, kby. lama utara, kota jakarta selatan",ChIJodfvliLxaS4RpMCXWAnHq3Q,Indomaret,Kebayoran Lama Utara,Kebayoran Lama,Kota Jakarta Selatan,3,212.46,0,1060.7026216141162,pasar cidodol,0,7,1.0,27,0.3118
indomaret spbu ciputat. t04d,4.9,7,-6.2479081,106.7781297,"jl. ciputat raya no.12, rt.8/rw.8, kby. lama utara, kota jakarta selatan",ChIJh3nZSBvxaS4RZ-S7enqBkV0,Indomaret,Kebayoran Lama Utara,Kebayoran Lama,Kota Jakarta Selatan,7,51.71,0,1641.4599652418397,pasar sayur cipulir,0,18,0.8764257739691156,25,0.3818
indomaret kebayoran lama 242,4.5,130,-6.231951899999999,106.7803754,"jl. raya kby. lama no.242, rt.11/rw.1, grogol sel., kota jakarta selatan",ChIJM8eV5iTxaS4RwEvXAASHlko,Indomaret,Grogol Selatan,Kebayoran Lama,Kota Jakarta Selatan,2,480.72,0,861.9864616253526,pasar cidodol,0,7,1.0,-1,0.1412
indomaret jalan masjid cidodol,4.3,46,-6.2321668,106.769016,"jl. masjid cidodol no.55-58, rt.7/rw.12, grogol sel., kota jakarta selatan",ChIJJUPMjNjwaS4RdFqvhCYBXTs,Indomaret,Grogol Selatan,Kebayoran Lama,Kota Jakarta Selatan,2,600.51,0,417.3801926734999,pasar cidodol,1,-1,0.0,-1,0.4412
indomaret cipulir 1. t2z0,4.2,186,-6.235679999999999,106.7734791,"jl. cipulir i no.4, rt.12/rw.4, cipulir, kota jakarta selatan",ChIJy6BN4CDxaS4RsVFxeRXbZhc,Indomaret,Cipulir,Kebayoran Lama,Kota Jakarta Selatan,3,314.0,0,298.02281238425815,pasar cidodol,1,17,0.7563084343420323,-1,0.5374
indomaret ciledug raya 2,4.3,9,-6.238261,106.7717106,"jl. seskoal no.11, rt.8/rw.11, cipulir, kota jakarta selatan",ChIJ6aVHOCDxaS4R6MCZegYiQ0Q,Indomaret,Cipulir,Kebayoran Lama,Kota Jakarta Selatan,4,69.29,0,429.3470888193364,pasar sayur cipulir,1,17,0.7563084343420323,29,0.708
"indomaret, blok m square",4.0,1,-6.2443244,106.7993778,"jl. melawai 6 no.3, rw.1, melawai, kota jakarta selatan",ChIJp6k1jNPxaS4RsvpHlCJjam4,Indomaret,Melawai,Kebayoran Baru,Kota Jakarta Selatan,8,232.89,0,970.5125973292772,pasar mayestik,0,20,1.0,28,0.4147
indomaret gandaria1,4.7,7,-6.2484603,106.7904931,"jl. jatayu no.24, rt.2/rw.3, kramat pela, kota jakarta selatan",ChIJy45QPxLxaS4RZEV6XxuVfK0,Indomaret,Kramat Pela,Kebayoran Baru,Kota Jakarta Selatan,7,48.73,1,864.8479968022818,pasar mayestik,0,20,1.0,26,0.3941
indomaret point,4.1,9,-6.236225300000001,106.7826683,"jl. st. no.3, rt.4/rw.1, kby. lama utara, kota jakarta selatan",ChIJEUFZ1DzxaS4RfUdVOuGCFGo,Indomaret,Kebayoran Lama Utara,Kebayoran Lama,Kota Jakarta Selatan,4,137.27,0,1085.1519967034953,pasar mayestik,0,7,1.0,27,0.3324
indomaret bungur raya 2,4.8,77,-6.2476761,106.7817145,"jl. duku raya no.79-81, rt.14/rw.6, kby. lama utara, kota jakarta selatan",ChIJhV_DfRrxaS4Ry97kNCuA-dY,Indomaret,Kebayoran Lama Utara,Kebayoran Lama,Kota Jakarta Selatan,10,299.72,0,1317.8130617591062,pasar mayestik,0,18,1.0,25,0.4559
indomaret ulujami,3.9,89,-6.2410821,106.7629435,"jl. ulujami raya no.11, rt.11/rw.5, ulujami, kota jakarta selatan",ChIJ4___P-fwaS4Ra-rEZZq9-CM,Indomaret,Ulujami,Pesanggrahan,Kota Jakarta Selatan,2,54.9,0,545.5637857445348,pasar apoh,0,-1,0.0,-1,0.0412
indomaret assirot,4.3,156,-6.225558899999999,106.7751594,"jl. assirot no.6a, rt.5/rw.5, grogol sel., kota jakarta selatan",ChIJ8VBSPinxaS4Rsng_u-K88hw,Indomaret,Grogol Selatan,Kebayoran Lama,Kota Jakarta Selatan,3,464.98,0,885.2009576142026,pasar cidodol,0,7,1.0,-1,0.1618
indomaret panjang cidodol 2 (tg26),3.8,8,-6.227386999999999,106.772065,"qqfc+2rv, jl. panjang cidodol, rt.14/rw.6, grogol sel., kota jakarta selatan",ChIJK5X2RyjxaS4RyPDN-Qxm35w,Indomaret,Grogol Selatan,Kebayoran Lama,Kota Jakarta Selatan,1,721.06,0,641.420254631738,pasar cidodol,0,-1,0.0,-1,0.0206
indomaret al mubarok 1,4.6,80,-6.239336199999999,106.7710655,"jl. al mubarok 1 no.14, rt.8/rw.6, cipulir, kota jakarta selatan",ChIJuVSpxN_waS4Rm819BJDCdw0,Indomaret,Cipulir,Kebayoran Lama,Kota Jakarta Selatan,4,184.21,0,419.32162902016114,pasar sayur cipulir,1,17,0.7563084343420323,29,0.708
indomaret,5.0,3,-6.2375076,106.7638955,"jl. ciledug raya no.59, rt.1/rw.3, ulujami, kota jakarta selatan",ChIJSaRPzt3waS4R3DqqT8nucVY,Indomaret,Ulujami,Pesanggrahan,Kota Jakarta Selatan,3,460.85,0,456.1152635730115,pasar sayur cipulir,1,17,0.7563084343420323,-1,0.5374
indomaret delman utama. {f763},4.0,123,-6.247976299999999,106.7728671,"jl. delman utama, rt.2/rw.11, kby. lama utara, kota jakarta selatan",ChIJR9-Fph3xaS4R5_wCOsFGSn0,Indomaret,Kebayoran Lama Utara,Kebayoran Lama,Kota Jakarta Selatan,3,308.18,0,1322.3856499335138,pasar sayur cipulir,0,17,0.7425133859251997,-1,0.136
indomaret peninggaran raya,4.2,18,-6.2443344,106.7725693,"jl. peninggaran raya no.9, kby. lama utara, kota jakarta selatan",ChIJmemSdh7xaS4R82TubBojfuI,Indomaret,Kebayoran Lama Utara,Kebayoran Lama,Kota Jakarta Selatan,3,99.18,0,948.6260438434286,pasar sayur cipulir,0,17,0.7446233386490886,-1,0.1362
kebayoran lama indomaret assirot,4.7,213,-6.2253634,106.7782561,"jl. raya kby. lama no.n 44, rt.7/rw.1, grogol sel., kota jakarta selatan",ChIJeZWj6y7xaS4RkU4hCYZW7ig,Indomaret,Grogol Selatan,Kebayoran Lama,Kota Jakarta Selatan,2,297.81,0,1061.3272924744617,pasar cidodol,0,-1,0.0,-1,0.0412
indomaret melawai 6 no. 17,0.0,0,-6.2443244,106.7993621,"jl. melawai 6 no.17, rt.3/rw.1, melawai, kota jakarta selatan",ChIJZXQ3b1nxaS4RBDCbFsM3GfE,Indomaret,Melawai,Kebayoran Baru,Kota Jakarta Selatan,8,234.41,0,968.9312451456406,pasar mayestik,0,20,1.0,28,0.4147
indomaret ulujami 2,4.3,106,-6.2475986,106.7632979,"jl. ulujami raya jl. h. buang no.gg, rt.1/rw.7, ulujami, kota jakarta selatan",ChIJ4___P-fwaS4RZ-EO8PKFun8,Indomaret,Ulujami,Pesanggrahan,Kota Jakarta Selatan,1,169.83,0,857.0352340382016,pasar pesanggrahan,0,-1,0.0,-1,0.0206
indomaret panglima polim 106,4.7,29,-6.2476908,106.7976133,"jl. panglima polim no.107, rw.5, b-c, kota jakarta selatan",ChIJI3U5C2XxaS4RdRRpbU-heos,Indomaret,b-c,Kebayoran Baru,Kota Jakarta Selatan,8,281.44,0,1036.370451504663,pasar mayestik,0,20,1.0,-1,0.2647
indomaret swadarma 2 {tc5e},4.0,98,-6.236108,106.7608682,"jl. swadarma raya blok haji nuh 1 no.9, rt.10/rw.3, ulujami, kota jakarta selatan",ChIJl0Lx7NzwaS4RvKVM6oOutyw,Indomaret,Ulujami,Pesanggrahan,Kota Jakarta Selatan,8,302.45,0,212.27573488575854,pasar apoh,1,17,1.0,-1,0.6647
indomaret swadarma 3,5.0,4,-6.233315999999999,106.7605835,"jl. swadarma raya no 26 rt 001 rw 008, rt.11/rw.5, ulujami, kota jakarta selatan",ChIJ4___P-fwaS4R-yxrxTiWMmQ,Indomaret,Ulujami,Pesanggrahan,Kota Jakarta Selatan,6,1.1,1,479.57875312104863,pasar apoh,1,17,1.0,-1,0.6235
indomaret palmerah barat 3,4.0,11,-6.207027699999999,106.7847179,"jl. palmerah barat no.3, rt.4/rw.no: 36, grogol utara, kota jakarta selatan",ChIJXX3NcsX2aS4RkMJNDkES6m0,Indomaret,Grogol Utara,Kebayoran Lama,Kota Jakarta Selatan,2,153.88,0,3192.9683558901825,pasar cidodol,0,-1,0.0,-1,0.0412
indomaret simprug,0.0,0,-6.2288581,106.7857419,"jl. rw. simprug iii no.3, rw.9, grogol sel., kota jakarta selatan",ChIJkary8qvxaS4Rxb3W6Gmvnkg,Indomaret,Grogol Selatan,Kebayoran Lama,Kota Jakarta Selatan,1,48.71,1,1459.8400140287604,pasar mayestik,0,-1,0.0,-1,0.0206
indomaret palmerah (pertamina 34.122.05),0.0,0,-6.2083321,106.7882096,"jl. palmerah barat no.35, rt.1/rw.3, grogol utara, kota jakarta selatan",ChIJd51xpy33aS4Rtb1xjVOSXzI,Indomaret,Grogol Utara,Kebayoran Lama,Kota Jakarta Selatan,1,538.2,0,3248.3228751432343,pasar cidodol,0,-1,0.0,-1,0.0206
indomaret,4.5,2,-6.2550721,106.7974134,"jl. darmawangsa raya no.125, rt.2, rt.2/rw.1, pulo, kota jakarta selatan",ChIJwX02iFLxaS4RMQgSCQVBeVQ,Indomaret,Pulo,Kebayoran Baru,Kota Jakarta Selatan,7,110.22,0,1728.5492937406061,pasar mayestik,0,21,0.6351834121826689,23,0.3576
indomaret,4.0,3,-6.2511809,106.7781617,"jl. pahlawan no.2, rw.10, kby. lama utara, kota jakarta selatan",ChIJI231igTxaS4RKIR6Aki7DBw,Indomaret,Kebayoran Lama Utara,Kebayoran Lama,Kota Jakarta Selatan,7,381.06,0,1866.3611308366155,pasar mayestik,0,18,0.8841087019143304,-1,0.2325
indomaret radio dalam. t06c,4.2,18,-6.2523025,106.7913861,"jl. radio dalam raya blok haji hamali no.22, rt.1/rw.9, gandaria utara, kota jakarta selatan",ChIJD3ss9gzxaS4RA85t5OGeHsk,Indomaret,Gandaria Utara,Kebayoran Baru,Kota Jakarta Selatan,8,337.99,0,1286.560475745161,pasar mayestik,0,20,1.0,-1,0.2647
indomaret petogogan (tb49),4.2,24,-6.254561799999999,106.7958583,"jl. petogogan ii no.18, rt.9/rw.5, pulo, kota jakarta selatan",ChIJperbNA3xaS4R4zKGAs61CVs,Indomaret,Pulo,Kebayoran Baru,Kota Jakarta Selatan,6,73.12,0,1615.6315849810994,pasar mayestik,0,21,0.6351834121826689,23,0.337
indomaret sultan iskandar muda,4.2,95,-6.2511828,106.7813003,"jl. sultan iskandar muda no.9, rt.8/rw.1, kby. lama sel., kota jakarta selatan",ChIJ74HObQXxaS4RUip6zNyV5gE,Indomaret,Kebayoran Lama Selatan,Kebayoran Lama,Kota Jakarta Selatan,10,95.65,0,1609.564251889771,pasar mayestik,0,18,1.0,30,0.4559
indomaret petogogan,4.2,21,-6.2503084,106.7941812,"jl. petogogan no.18, gandaria utara, kebayoran baru, pulo, rt.11/rw.7, rt.11/rw.7, pulo, kota jakarta selatan",ChIJ94ljMXPxaS4RH5R1BnmpJP8,Indomaret,Pulo,Kebayoran Baru,Kota Jakarta Selatan,7,45.66,1,1109.0586397714783,pasar mayestik,0,20,1.0,-1,0.2441
indomaret,4.7,7,-6.2534879,106.7758737,"jl. bintaro raya no.17, rt.013/rw.10, kby. lama sel., kota jakarta selatan",ChIJY1VVVQTxaS4RtmETuVP403E,Indomaret,Kebayoran Lama Selatan,Kebayoran Lama,Kota Jakarta Selatan,4,31.06,1,2018.162055707817,pasar sayur cipulir,0,18,0.7604603510489191,-1,0.1584
indomaret tanah kusir 2 dalam tt2d,4.4,269,-6.257153,106.784136,"gg. swadaya iii no.18, rt.10/rw.9, kby. lama sel., kota jakarta selatan",ChIJZbLLdm_xaS4R4cgyDKLeE8k,Indomaret,Kebayoran Lama Selatan,Kebayoran Lama,Kota Jakarta Selatan,3,126.63,0,1993.5782312135277,pasar mayestik,0,18,0.5634943054780033,30,0.2681
indomaret praja dalam k,4.1,17,-6.2505751,106.7834542,"jl. praja dalam k no.18, rt.9/rw.5, kby. lama sel., kota jakarta selatan",ChIJOwAAAAfxaS4RKTnNaZ1qgc4,Indomaret,Kebayoran Lama Selatan,Kebayoran Lama,Kota Jakarta Selatan,8,118.6,0,1401.6408814388699,pasar mayestik,0,18,1.0,30,0.4147
indomaret grand wijaya. t98c,4.2,55,-6.2532473,106.7993526,"grand wijaya blok b10, jl. wijaya ii, rt.6/rw.1, pulo, kota jakarta selatan",ChIJT8Q48HPxaS4RHGBGXmOUqp0,Indomaret,Pulo,Kebayoran Baru,Kota Jakarta Selatan,5,242.22,0,1647.4258192433163,pasar mayestik,0,21,0.6351834121826689,23,0.3165
indomaret panglima polim 125b t3pi,4.0,5,-6.2550595,106.7974126,"jl. panglima polim no.125a, rt.2/rw.1, pulo, kota jakarta selatan",ChIJb-Coe5PxaS4Rq13QTJ2nq04,Indomaret,Pulo,Kebayoran Baru,Kota Jakarta Selatan,7,109.88,0,1727.2227909653109,pasar mayestik,0,21,0.6351834121826689,23,0.3576
indomaret anggrek petukangan,4.0,10,-6.231106,106.7557339,"jl. anggrek, rt.7/rw.5, petukangan utara, kota jakarta selatan",ChIJz6qqqsnwaS4R5k7p_0d1KX8,Indomaret,Petukangan Utara,Pesanggrahan,Kota Jakarta Selatan,3,348.19,0,540.6925550387896,pasar alfa indah,0,17,0.8174629027602082,-1,0.1435
indomaret saidi raya,4.2,13,-6.241212699999999,106.7563251,"jl. m.saidi raya no: 62 rt. 009 / rw. 01, petukangan selatan, pasanggrahan, rt.7/rw.5, petukangan sel., kota jakarta selatan",ChIJe35tSOjwaS4R6QeisbhjlkM,Indomaret,Petukangan Selatan,Pesanggrahan,Kota Jakarta Selatan,4,45.4,1,545.6790898053368,pasar apoh,0,17,0.8896997000623539,-1,0.1713
indomaret saidi raya 2. tckr,4.3,121,-6.2451289,106.7569883,"no., jl. m. saidi raya no.54, rt.1/rw.5, petukangan sel., kota jakarta selatan",ChIJAZgxPO_waS4RSgVSHG9MFBc,Indomaret,Petukangan Selatan,Pesanggrahan,Kota Jakarta Selatan,2,397.27,0,739.2902963751305,pasar pesanggrahan,0,17,0.8306851426284843,-1,0.1242
indomaret ciledug raya. trl0,4.3,256,-6.2364187,106.7579387,"jl. ciledug raya no.51, rt.6/rw.4, petukangan utara, kota jakarta selatan",ChIJCfldOcPwaS4RtrLi0yMazkU,Indomaret,Petukangan Utara,Pesanggrahan,Kota Jakarta Selatan,8,122.9,0,216.514370112698,pasar apoh,1,17,1.0,31,0.8147
indomaret kostrad pusri,4.8,17,-6.2337088,106.7574351,"jl. kostrad pusri (sp.mitra diskon) no. 2a, petukangan utara, pasanggrahan, rt.2/rw.11, north petukangan, kota jakarta selatan",ChIJz6qqqsnwaS4RAC370aGrhq4,Indomaret,North Petukangan,Pesanggrahan,Kota Jakarta Selatan,8,11.5,1,483.46742351583174,pasar apoh,1,17,1.0,31,0.8147
indomaret pesanggrahan bintaro (tp12),4.1,20,-6.254884199999999,106.7566629,"jalan uluhjami, rt.12/rw.6, pesanggrahan, rt.12/rw.6, pesanggrahan, rt.12/rw.6, pesanggrahan, kota jakarta selatan",ChIJex_w2-_waS4R6VXC2vkXSFA,Indomaret,Pesanggrahan,Pesanggrahan,Kota Jakarta Selatan,0,565.44,0,346.052420208375,pasar pesanggrahan,1,-1,0.0,-1,0.4
indomaret swadarma 1. texu,4.5,60,-6.228395799999999,106.7606678,"qqc6+j7v, jl. swadarma raya, rt.1/rw.2, ulujami, kota jakarta selatan",ChIJOwckatDwaS4RpIzxDLhO1EM,Indomaret,Ulujami,Pesanggrahan,Kota Jakarta Selatan,3,83.32,0,684.9770319533551,pasar alfa indah,0,17,0.7908469633002235,-1,0.1408
indomaret pesanggrahan permai,3.9,15,-6.237529299999999,106.7545527,"jl. pesanggrahan iv, rt.1/rw.7, petukangan sel., kota jakarta selatan",ChIJz6qqqsnwaS4RxD9ldK9oKKo,Indomaret,Petukangan Selatan,Pesanggrahan,Kota Jakarta Selatan,9,265.77,0,553.7614113334199,pasar apoh,0,17,1.0,38,0.4353
indomaret palem raya. fgul,4.4,97,-6.2262773,106.7574534,"jl. palem raya no.3, petukangan utara, kota jakarta selatan",ChIJH36UOM7waS4RPJe-iO0msh0,Indomaret,Petukangan Utara,Pesanggrahan,Kota Jakarta Selatan,5,2.65,1,289.93059827660994,pasar alfa indah,1,17,0.8023238742148047,-1,0.5832
"indomaret, taman alfa indah. t039",4.4,163,-6.2241206,106.7548738,"jl. taman alfa indah blok k. 1 no.46-47, rt.10/rw.7, petukangan utara, kota jakarta selatan",ChIJe6ZjJMzwaS4RkAqiCOaJD-E,Indomaret,Petukangan Utara,Pesanggrahan,Kota Jakarta Selatan,4,370.33,0,245.38643728278686,pasar alfa indah,1,17,0.8023238742148047,-1,0.5626
indomaret,4.6,23,-6.240787699999999,106.7915935,"jl. tebah ii no.29, rt.13/rw.3, gunung, kota jakarta selatan",ChIJS27Tds_xaS4R_ZcfY1bc7Eo,Indomaret,Gunung,Kebayoran Baru,Kota Jakarta Selatan,2,198.73,0,24.83905076687479,pasar mayestik,1,-1,0.0,-1,0.4412
indomaret rc veteran 13,4.4,8,-6.2576627,106.7683716,"4 no.10, rt.4/rw.10, bintaro, kota jakarta selatan",ChIJhw7nnzDxaS4RVsy9lGn0S7U,Indomaret,Bintaro,Pesanggrahan,Kota Jakarta Selatan,4,87.03,0,1438.7845337460892,pasar pesanggrahan,0,8,1.0,-1,0.1824
indomaret melawai iv no 52,5.0,2,-6.2454911,106.80124,"3, jl. melawai iv no.52, rw.1, melawai, kota jakarta selatan",ChIJaWy44RjxaS4RORWqDRtDtk0,Indomaret,Melawai,Kebayoran Baru,Kota Jakarta Selatan,8,16.59,1,1211.9663607612708,pasar mayestik,0,20,1.0,28,0.4147
indomaret hasanudin 57,4.0,4,-6.2425243,106.8022062,"jl. sultan hasanudin no.53, rt.2/rw.1, melawai, kota jakarta selatan",ChIJ-ZfljI_xaS4RYqEvAOKUxi0,Indomaret,Melawai,Kebayoran Baru,Kota Jakarta Selatan,9,104.09,0,1213.6168009623627,pasar mayestik,0,20,1.0,28,0.4353
indomaret melawai,4.4,110,-6.246081800000001,106.7998046,"jl. melawai raya no.17 melawai, kebayoran lama, rt.2/rw.1, melawai, kota jakarta selatan",ChIJq2YU5W7xaS4RKF6o-6Mc-uA,Indomaret,Melawai,Kebayoran Baru,Kota Jakarta Selatan,7,176.55,0,1105.382459730321,pasar mayestik,0,20,1.0,28,0.3941
indomaret fave melawai (fm6s),0.0,0,-6.244421399999999,106.8015382,"jl. melawai iv no.3-11, rt.3/rw.1, melawai, kota jakarta selatan",ChIJZ_9u5ZDxaS4RtzyeEc5s00A,Indomaret,Melawai,Kebayoran Baru,Kota Jakarta Selatan,8,108.44,0,1195.8657857483477,pasar mayestik,0,20,1.0,28,0.4147
indomaret spbu bintaro,4.6,48,-6.261597099999999,106.7569951,"pqq4+8rr, unnamed road, rt.6/rw.3, pesanggrahan, kota jakarta selatan",ChIJEf3pk_rxaS4R4b0T-ousRiQ,Indomaret,Pesanggrahan,Pesanggrahan,Kota Jakarta Selatan,2,739.89,0,1092.5051246656628,pasar pesanggrahan,0,-1,0.0,-1,0.0412
indomaret damai pesanggrahan,4.4,102,-6.2487206,106.754172,"jl. damai raya no.5, rt.5/rw.5, petukangan sel., kota jakarta selatan",ChIJL-ueae7waS4RrdvbPbIBUlw,Indomaret,Petukangan Selatan,Pesanggrahan,Kota Jakarta Selatan,3,310.75,0,445.4783086947758,pasar pesanggrahan,1,17,0.8530439952200279,-1,0.5471
haji indomaret enting. {ts90},3.3,20,-6.2579731,106.8006317,"gg. h. enting no.1, rt.10/rw.1, cipete utara, kota jakarta selatan",ChIJDwH5C3bxaS4RcxF4-cn7X5g,Indomaret,Cipete Utara,Kebayoran Baru,Kota Jakarta Selatan,6,249.3,0,2173.0160126902338,pasar mayestik,0,21,0.6067526354420981,-1,0.1842
indomaret puspita raya,4.5,124,-6.263565799999999,106.7568792,"jl. bintaro puspita raya no.9, rt.9/rw.2, pesanggrahan, kota jakarta selatan",ChIJN6SvsVnwaS4R7Dvnqx_sr4M,Indomaret,Pesanggrahan,Pesanggrahan,Kota Jakarta Selatan,1,725.82,0,1311.2031945120598,pasar pesanggrahan,0,-1,0.0,-1,0.0206
indomaret duta mas fatmawati,4.5,62,-6.263351900000001,106.7986876,"jl. rs. fatmawati raya no.15, rw.5, cipete utara, kota jakarta selatan",ChIJAQAAAJ3xaS4R3VfdB1vHqnw,Indomaret,Cipete Utara,Kebayoran Baru,Kota Jakarta Selatan,8,294.44,0,1967.5560366944994,pasar cipete selatan,0,21,0.7617039466349764,18,0.3909
indomaret (bintaro utama),4.9,8,-6.2710224,106.7578861,"jl. taman bintaro no.194, rt.8/rw.11, bintaro, kota jakarta selatan",ChIJtXtyLz_xaS4RNegL6qVJ54I,Indomaret,Bintaro,Pesanggrahan,Kota Jakarta Selatan,4,173.52,0,2143.779234279755,pasar pesanggrahan,0,4,1.0,-1,0.1824
indomaret asem 2.,3.8,23,-6.272082,106.8009549,"jl. asem dua no.26, rt.14/rw.5, cipete sel., kota jakarta selatan",ChIJs6y5G5HxaS4RurVX3sajfVU,Indomaret,Cipete Selatan,Cilandak,Kota Jakarta Selatan,3,466.44,0,1052.047490754994,pasar cipete selatan,0,-1,0.0,-1,0.0618
indomaret dan fotocopi,5.0,1,-6.2393471,106.8107088,"qr66+777, rt.1/rw.5, petogogan, kota jakarta selatan",ChIJeSJcQGfxaS4RjSDS5V3D1ZY,Indomaret,Petogogan,Kebayoran Baru,Kota Jakarta Selatan,3,68.32,0,289.70155089380876,pasar santa,1,-1,0.0,17,0.6118
indomaret,4.0,1,-6.2460531,106.8074507,"jl. wijaya iv no.73, rt.10/rw.1, petogogan, kota jakarta selatan",ChIJLaYz6kXxaS4R23ofLaT83us,Indomaret,Petogogan,Kebayoran Baru,Kota Jakarta Selatan,0,693.37,0,1083.6694582283892,pasar santa,0,-1,0.0,-1,0.0
indomaret (abdul majid),4.4,207,-6.266423,106.8061697,"jl. cipete utara no.4, rt.17/rw.2, cipete sel., kota jakarta selatan",ChIJtzSt1YTxaS4RFu6cHY0WKkQ,Indomaret,Cipete Selatan,Cilandak,Kota Jakarta Selatan,3,458.19,0,1349.3636981242253,pasar cipete selatan,0,-1,0.0,-1,0.0618
indomaret damai f561,4.5,140,-6.2620838,106.8056991,"jl. h. jian no.81, rt.1/rw.7, cipete utara, kota jakarta selatan",ChIJPUjazZzxaS4RUSIDkidVSQg,Indomaret,Cipete Utara,Kebayoran Baru,Kota Jakarta Selatan,2,476.01,0,1834.2938307407342,pasar cipete selatan,0,-1,0.0,-1,0.0412
indomaret exit mrt h nawi,5.0,1,-6.266061,106.7975764,"jl. rs. fatmawati raya no.2, rt.4/rw.5, cipete sel., kota jakarta selatan",ChIJyzZxP67xaS4RMbpMyvQ2wbU,Indomaret,Cipete Selatan,Cilandak,Kota Jakarta Selatan,11,73.24,0,1794.8075427237904,pasar cipete selatan,0,21,1.0,18,0.4765
indomaret direktorat jenderal pajak,4.6,7,-6.2255721,106.8163936,"kompleks kantor pusat djp basement 1, jend. gatot subroto kav 40-42, senayan, kebayoran baru, rt.7/rw.1, senayan, kota jakarta selatan",ChIJdfevp1fxaS4RnmGonsjjpmU,Indomaret,Senayan,Kebayoran Baru,Kota Jakarta Selatan,1,317.21,0,1431.275539581024,pasar santa,0,10,1.0,-1,0.1206
indomaret,4.3,115,-6.2249707,106.807775,"plaza bapindo kav 54-55 no 54-56, jl. jenderal sudirman, rt.5/rw.3, senayan, kota jakarta selatan",ChIJo4N061HxaS4RLUD76ouW53E,Indomaret,Senayan,Kebayoran Baru,Kota Jakarta Selatan,0,1267.96,0,1554.76942994707,pasar santa,0,-1,0.0,-1,0.0
indomaret,3.5,51,-6.285409400000001,106.8379601,"jl. raya ragunan no.9, rw.10, ps. minggu, kota jakarta selatan",ChIJmwb3rhPyaS4R_23xpv2E254,Indomaret,Pasar Minggu,Pasar Minggu,Kota Jakarta Selatan,1,515.35,0,516.9072151050171,pasar minggu,0,-1,0.0,-1,0.0206
indomaret salihara no 10a. t2li,0.0,0,-6.284196499999999,106.8380562,"jl. salihara no.13, rw.1, ps. minggu, kota jakarta selatan",ChIJWdIwMBPzaS4RLbHyiDEEYZ4,Indomaret,Pasar Minggu,Pasar Minggu,Kota Jakarta Selatan,2,494.86,0,637.8086640703467,pasar minggu,0,14,0.795818652531426,-1,0.1208
raya ragunan indomaret,4.1,17,-6.2858816,106.8301102,"jl. raya ragunan no.19, rt.2/rw.7, jati padang, kota jakarta selatan",ChIJBS7mhhDyaS4RwQ24c_CL25w,Indomaret,Jati Padang,Pasar Minggu,Kota Jakarta Selatan,2,98.38,0,1165.185903151065,pasar minggu,0,0,1.0,-1,0.1412
indomaret rawajati timur ii,4.4,171,-6.2599244,106.8548204,"jl. rawajati timur ii no.6a, rt.6/rw.8, rawajati, kota jakarta selatan",ChIJgxhagUnzaS4RvD_Z_w12BOo,Indomaret,Rawajati,Pancoran,Kota Jakarta Selatan,5,376.35,0,1066.3489058813866,pasar kaget pengadegan,0,13,0.8975468974059124,15,0.3427
indomaret jeruk purut,4.5,132,-6.291164699999999,106.8129499,"jl. jeruk purut no.22, rt.3/rw.3, cilandak tim., kota jakarta selatan",ChIJvy_4mvnxaS4RjjbhIFaTp4Y,Indomaret,Cilandak Timur,Pasar Minggu,Kota Jakarta Selatan,3,180.75,0,1518.4037387333096,pasar cipete selatan,0,0,1.0,-1,0.1618
indomaret gurame raya,4.2,18,-6.2957984,106.8366216,"jl. gurame raya no.32, rt.2/rw.9, ps. minggu, kota jakarta selatan",ChIJgVaTJgryaS4RZDPX8Ifsn0A,Indomaret,Pasar Minggu,Pasar Minggu,Kota Jakarta Selatan,2,22.75,1,780.8737739334434,pasar minggu,0,11,0.9816578617785434,-1,0.1393
indomaret,4.9,7,-6.298130500000001,106.8299386,"plaza oleos, jl. tb simatupang, rt.2/rw.1, kebagusan, kota jakarta selatan",ChIJ4dtL_AfyaS4RF-C9eDUjQ0o,Indomaret,Kebagusan,Pasar Minggu,Kota Jakarta Selatan,0,598.95,0,1457.705281972456,pasar minggu,0,-1,0.0,-1,0.0
indomaret taman margasatwa,4.3,21,-6.2892776,106.8242394,"jalan taman margasatwa no.18a, jati padang, rt.6/rw.1, ragunan, kota jakarta selatan",ChIJ2fZhrgTyaS4Rl1uCPiHU63Q,Indomaret,Ragunan,Pasar Minggu,Kota Jakarta Selatan,2,22.32,1,1738.1805322379382,pasar minggu,0,0,1.0,-1,0.1412
indomaret perempatan ampera,4.1,69,-6.2917269,106.8165986,"jalan ampera raya 2, rt.2/rw.2, cilandak tim., kota jakarta selatan",ChIJCTLyivjxaS4Rre-W6oaY4qE,Indomaret,Cilandak Timur,Pasar Minggu,Kota Jakarta Selatan,1,500.51,0,1757.385587667173,pasar cipete selatan,0,0,1.0,-1,0.1206
indomaret rm harsono no.1,0.0,0,-6.301390500000001,106.8214132,"mrxc+chv, rw.7, ragunan, kota jakarta selatan",ChIJKzbH_nbtaS4RPC_zVyqnB5g,Indomaret,Ragunan,Pasar Minggu,Kota Jakarta Selatan,0,568.97,0,2432.861584617422,pasar minggu,0,-1,0.0,-1,0.0
indomaret cilandak raya,4.3,20,-6.297004200000001,106.8154176,"pr38+55x, jl. raya cilandak kko, rt.1/rw.5, ragunan, kota jakarta selatan",ChIJ-6Meqf_xaS4R99u9vNNVFjg,Indomaret,Ragunan,Pasar Minggu,Kota Jakarta Selatan,1,353.77,0,2222.452631313525,pasar cipete selatan,0,0,1.0,-1,0.1206
indomaret spbu,4.8,19,-6.2905671,106.8235708,"jl. warung jati barat no.28, rt.5/rw.1, ragunan, kota jakarta selatan",ChIJC4P6jYjzaS4RmEFhDQhpE7U,Indomaret,Ragunan,Pasar Minggu,Kota Jakarta Selatan,2,181.15,0,1814.8015786312242,pasar minggu,0,0,1.0,-1,0.1412
indomaret berlian ii cilandak,4.5,2,-6.2965402,106.8005802,"pr32+96p, rt.6/rw.2, west cilandak, kota jakarta selatan",ChIJDaAAxvjxaS4RX-J08P1H7ug,Indomaret,Cilandak Barat,Cilandak,Kota Jakarta Selatan,1,481.98,0,1234.231505827971,pasar mede pd pasar jaya,0,-1,0.0,-1,0.0206
indomaret kebagusan raya,4.5,400,-6.303428299999999,106.8267375,"mrwg+jpj, rt.8/rw.7, kebagusan, kota jakarta selatan",ChIJbbdFCvntaS4RhngjQ_Gl0v0,Indomaret,Kebagusan,Pasar Minggu,Kota Jakarta Selatan,1,130.78,0,2120.660216716507,pasar minggu,0,-1,0.0,-1,0.0206
indomaret pasar minggu,4.5,2,-6.291435099999999,106.8419087,"jl. raya ps. minggu no.15d, rt.13/rw.5, ps. minggu, kota jakarta selatan",ChIJKdFjS4XzaS4RpmE0MI-N8hQ,Indomaret,Pasar Minggu,Pasar Minggu,Kota Jakarta Selatan,3,297.3,0,295.7069072800337,pasar minggu,1,11,0.9527623175865595,-1,0.557
indomaret,3.8,10,-6.2961348,106.843599,"jl. poltangan raya no.19, rt.1/rw.4, tj. bar., kota jakarta selatan",ChIJd3ilG3XyaS4R7Y_rIePXcG4,Indomaret,Tanjung Barat,Jagakarsa,Kota Jakarta Selatan,5,99.98,0,829.3779968602136,pasar minggu,0,11,1.0,32,0.3529
indomaret simatupang 52,5.0,1,-6.3041554,106.8438925,"jl. tb simatupang no.52, rt.8/rw.4, tj. bar., kota jakarta selatan",ChIJZYivLIntaS4RYRVV5fqSKRw,Indomaret,Tanjung Barat,Jagakarsa,Kota Jakarta Selatan,5,93.27,0,1674.6391470859037,pasar minggu,0,12,1.0,33,0.3529
indomaret tb simatupang,3.5,19,-6.3039672,106.8508534,"jl. tb simatupang no.47, rt.12/rw.5, tj. bar., kota jakarta selatan",ChIJNWl0JY_taS4Rcf7n3fGXkxw,Indomaret,Tanjung Barat,Jagakarsa,Kota Jakarta Selatan,5,94.6,0,1999.3605598379295,pasar minggu,0,12,1.0,34,0.3529
indomaret,4.0,44,-6.295587599999999,106.8453943,"jl. poltangan raya no.49, rt.5/rw.10, pejaten tim., kota jakarta selatan",ChIJvdo1THTyaS4RBoB9yjj3LdM,Indomaret,Pejaten Timur,Pasar Minggu,Kota Jakarta Selatan,4,183.34,0,895.6408020053956,pasar minggu,0,11,1.0,32,0.3324
indomaret,4.3,84,-6.3045613,106.8437533,"jl. nangka raya no.5, rt.8/rw.5, tj. bar., kota jakarta selatan",ChIJ_57ljYztaS4RBUKmJ5rF0XA,Indomaret,Tanjung Barat,Jagakarsa,Kota Jakarta Selatan,5,99.92,0,1714.4435328486109,pasar minggu,0,12,0.9787477002507196,33,0.3508
indomaret mtrade teluk betung,0.0,0,-6.2993709,106.8399129,"jl. raya pasar minggu no.168, rt.4/rw.8, ps. minggu, kota jakarta selatan",ChIJ5RSsmVTtaS4RlacdijhrxSI,Indomaret,Pasar Minggu,Pasar Minggu,Kota Jakarta Selatan,3,141.82,0,1085.3221947931872,pasar minggu,0,11,1.0,-1,0.1618
indomaret rawa bambu,4.4,271,-6.2914141,106.8419168,"jl. raya rw. bambu no.14, rt.13/rw.5, ps. minggu, kota jakarta selatan",ChIJA00kMHPyaS4RzjSAlv_vnD4,Indomaret,Pasar Minggu,Pasar Minggu,Kota Jakarta Selatan,3,296.36,0,294.765160214684,pasar minggu,1,11,0.9495118701899805,-1,0.5567
indomaret rancho indah,3.2,14,-6.305132,106.8502399,"jl. rancho indah no.17, rt.1/rw.2, tj. bar., kota jakarta selatan",ChIJ76qqqo3taS4RkUk7x72ntOw,Indomaret,Tanjung Barat,Jagakarsa,Kota Jakarta Selatan,5,53.57,0,2066.1803391021517,pasar minggu,0,12,1.0,34,0.3529
indomaret nangka 1,4.6,117,-6.3029362,106.8475626,"jl. nangka raya no.6, rw.5, tj. bar., kota jakarta selatan",ChIJh2Vkk9jtaS4R71LDz2IfqhU,Indomaret,Tanjung Barat,Jagakarsa,Kota Jakarta Selatan,7,102.26,0,1703.2969710100044,pasar minggu,0,12,1.0,34,0.3941
indomaret jatipadang no 2,4.4,204,-6.287836299999999,106.8293824,"jl. jatipadang utara no.1, rt.7/rw.9, jati padang, kota jakarta selatan",ChIJBa5dUV_zaS4Rpz5v0gMy_nU,Indomaret,Jati Padang,Pasar Minggu,Kota Jakarta Selatan,2,240.1,0,1185.8787243337692,pasar minggu,0,0,1.0,-1,0.1412
indomaret pintu barat ragunan (t1y7),0.0,0,-6.3104305,106.8159192,"14, jl. margasatwa baru no.45, rw.8, jagakarsa, kota jakarta selatan",ChIJwcwxNEXvaS4RiKmoGQ6V0pU,Indomaret,Jagakarsa,Cilandak,Kota Jakarta Selatan,2,251.51,0,2457.638348472218,pasar pondok labu,0,-1,0.0,-1,0.0412
indomaret st tj.barat,0.0,0,-6.3085045,106.8381817,"jl. raya lenteng agung no.5, rt.3/rw.1, lenteng agung, kota jakarta selatan",ChIJxbO8YfvtaS4RVgwXEDURxRs,Indomaret,Lenteng Agung,Jagakarsa,Kota Jakarta Selatan,8,114.48,0,2110.1170338729903,pasar minggu,0,12,0.9787477002507196,35,0.4126
indomaret kebagusan city,4.3,14,-6.3075195,106.8358518,"apartement kebagusan city tower c unitk18192223, rt.1/rw.6, kebagusan, kota jakarta selatan",ChIJz_____DtaS4RuBSePQZKmzM,Indomaret,Kebagusan,Pasar Minggu,Kota Jakarta Selatan,5,77.74,0,2042.557455388297,pasar minggu,0,12,0.9787477002507196,35,0.3508
indomaret jl. m. kahfi 1,4.1,73,-6.3180584,106.8113141,"jalan jagakarsa blok hidayah no.10 rt.10/rw.6, rt.3/rw.6, jagakarsa, kota jakarta selatan",ChIJWQO5mgzuaS4RFP9F2gFfJyY,Indomaret,Jagakarsa,Jagakarsa,Kota Jakarta Selatan,2,863.42,0,2045.3417817328927,pasar pondok labu,0,-1,0.0,-1,0.0412
indomaret,4.7,6,-6.3203625,106.8106762,"jl. m. khafi no.62, rt.3/rw.4, jagakarsa, kota jakarta selatan",ChIJWdlCSXPuaS4RzpIWwflyKKU,Indomaret,Jagakarsa,Jagakarsa,Kota Jakarta Selatan,2,849.26,0,2076.4928658623608,pasar pondok labu,0,-1,0.0,-1,0.0412
indomaret bango raya,0.0,0,-6.3075877,106.8039904,"jl. bango ii no.31, rw.3, pd. labu, kota jakarta selatan",ChIJXTAa0H_vaS4R5_VN2xv2sJA,Indomaret,Pondok Labu,Cilandak,Kota Jakarta Selatan,1,630.67,0,1243.7752812602946,pasar pondok labu,0,6,0.6002684180048091,-1,0.0806
indomaret,4.7,10,-6.313857899999999,106.8255294,"mrpg+f62, rt.10/rw.7, ragunan, kota jakarta selatan",ChIJ7a6YI-TtaS4RHRQ67Lb2ub0,Indomaret,Ragunan,Pasar Minggu,Kota Jakarta Selatan,3,129.67,0,2106.461454865024,pasar lenteng agung,0,-1,0.0,-1,0.0618
indomaret plus cilandak kko (tmip),4.5,645,-6.3098246,106.8139564,"jl. raya cilandak kko no.3, rt.14/rw.8, ragunan, kota jakarta selatan",ChIJJ3rNnQjuaS4RWjDJ-zFTzR0,Indomaret,Ragunan,Pasar Minggu,Kota Jakarta Selatan,2,46.09,1,2248.5648959954997,pasar pondok labu,0,-1,0.0,-1,0.0412
indomaret durian jagakarsa,4.4,243,-6.3187172,106.8157181,"jl. paso no.32, rt.4/rw.4, jagakarsa, kota jakarta selatan",ChIJp2612gruaS4R6xThXZZnoQw,Indomaret,Jagakarsa,Jagakarsa,Kota Jakarta Selatan,2,385.85,0,2387.2999618030385,pasar lenteng agung,0,-1,0.0,-1,0.0412
indomaret tanjung barat,4.6,101,-6.3119122,106.838572,"jl. raya tj. barat no.12a, rt.5/rw.1, tj. bar., kota jakarta selatan",ChIJO8FvdaLtaS4RSZB1kkXDSLk,Indomaret,Tanjung Barat,Jagakarsa,Kota Jakarta Selatan,4,22.89,1,1952.6775617783298,pasar kambing swadaya iii,0,12,0.9224910365667282,35,0.3246
mitra umkm indomaret,0.0,0,-6.321487500000001,106.8251361,"jagakarsa, kota jakarta selatan",ChIJ17YTyN3taS4RJt9KCDT3YEg,Indomaret,Jagakarsa,Jagakarsa,Kota Jakarta Selatan,2,39.69,1,1404.7035913554098,pasar lenteng agung,0,1,0.8886923412027752,-1,0.13
indomaret,2.7,14,-6.323935700000001,106.8372384,"jl. agung raya i no.3, rt.9/rw.2, lenteng agung, kota jakarta selatan",ChIJx0ubeSPtaS4RHy0oOTeBz3s,Indomaret,Lenteng Agung,Jagakarsa,Kota Jakarta Selatan,2,200.16,0,607.6349142296009,pasar kambing swadaya iii,0,-1,0.0,-1,0.0412
indomaret kebagusan,0.0,0,-6.317959699999999,106.8250448,"jl. kebagusan raya no.56, rt.10/rw.4, kebagusan, kota jakarta selatan",ChIJU4w3LnrtaS4RuMgFlMLq-BI,Indomaret,Kebagusan,Pasar Minggu,Kota Jakarta Selatan,4,113.33,0,1728.446076298656,pasar lenteng agung,0,1,0.9074911949176301,-1,0.1731
indomaret raya jagakarsa,4.4,221,-6.3273649,106.8163662,"no., jl. raya jagakarsa no.2, rt.10/rw.2, jagakarsa, kota jakarta selatan",ChIJnz15NXbuaS4RjtdQGUQE7gY,Indomaret,Jagakarsa,Jagakarsa,Kota Jakarta Selatan,4,24.62,1,1921.8291806113302,pasar lenteng agung,0,1,0.9396637312557696,36,0.3263
indomaret joe kelapa tiga,4.2,27,-6.3245479,106.8301569,"gg. bunga no.2, rt.2/rw.6, lenteng agung, kota jakarta selatan",ChIJPdTzvtrtaS4Rny8eJBB6jss,Indomaret,Lenteng Agung,Jagakarsa,Kota Jakarta Selatan,4,27.14,1,812.8452007862659,pasar lenteng agung,0,1,1.0,-1,0.1824
indomaret lenteng agung 28,4.4,283,-6.324972,106.8335444,"mrgm+2c8, rt.13/rw.5, lenteng agung, kota jakarta selatan",ChIJh7HpccTtaS4R3felpmD0M70,Indomaret,Lenteng Agung,Jagakarsa,Kota Jakarta Selatan,5,274.1,0,599.2481606182047,pasar kambing swadaya iii,0,1,1.0,-1,0.2029
papaya indomaret jagakarsa,4.5,269,-6.325327300000001,106.8198997,"jl. pepaya raya no.4, rt.2/rw.5, jagakarsa, kota jakarta selatan",ChIJTTG_z9jtaS4RnfCTBd_V_Sw,Indomaret,Jagakarsa,Jagakarsa,Kota Jakarta Selatan,4,245.52,0,1619.484121135636,pasar lenteng agung,0,1,0.9396637312557696,-1,0.1763
indomaret stasiun lenteng agung,4.8,23,-6.330877699999999,106.8343701,"mr9m+jpx, jl. raya lenteng agung, rt.1/rw.5, lenteng agung, kota jakarta selatan",ChIJs8vL3f_taS4RD-B_tfITONc,Indomaret,Lenteng Agung,Jagakarsa,Kota Jakarta Selatan,5,71.27,0,117.97719179208072,pasar lenteng agung,1,1,1.0,37,0.7529
indomaret kelapa hijau,4.5,325,-6.3268289,106.8278567,"no., jl. kelapa muda no.48, rt.11/rw.3, jagakarsa, kota jakarta selatan",ChIJDWcZHNvtaS4RroTyX5d4o2g,Indomaret,Jagakarsa,Jagakarsa,Kota Jakarta Selatan,5,167.05,0,772.3059707553687,pasar lenteng agung,0,1,1.0,-1,0.2029
indomaret bu bagus,4.8,12,-6.3064437,106.8305633,"jl. kebagusan ii no.33, rt.1/rw.6, kebagusan, kota jakarta selatan",ChIJ9V6Ft6vtaS4RcOu1gslzJIQ,Indomaret,Kebagusan,Pasar Minggu,Kota Jakarta Selatan,0,500.29,0,2140.7138544453264,pasar minggu,0,-1,0.0,-1,0.0
indomaret hybrid jeruk jagakarsa,4.3,137,-6.331093399999999,106.8292052,"jl. jeruk raya no.3a, rt.5/rw.1, jagakarsa, kota jakarta selatan",ChIJZWTzI9DtaS4Ra2YhrND7ULo,Indomaret,Jagakarsa,Jagakarsa,Kota Jakarta Selatan,3,439.8,0,456.5218211794702,pasar lenteng agung,1,1,0.9727421026423954,-1,0.559
indomaret ciremai jagakarsa,3.9,22,-6.3245086,106.8113082,"jl. m.kahfi 1 rt 01/rw 04, jagakarsa, jagakarsa, rt.2/rw.7, jagakarsa, kota jakarta selatan",ChIJcQAAANntaS4RAesd4Pw1hXk,Indomaret,Jagakarsa,Jagakarsa,Kota Jakarta Selatan,2,443.98,0,2371.2887861341064,pasar pondok labu,0,1,0.8420329702517481,-1,0.1254
indomaret jagakarsa 1 no.1,4.5,196,-6.3322727,106.8204749,"mr9c+35v, townhouse jagakarsa, jl. jagakarsa 1, rt.3/rw.2, jagakarsa, kota jakarta selatan",ChIJnfhFPGLtaS4R8RAXOhmLRC4,Indomaret,Jagakarsa,Jagakarsa,Kota Jakarta Selatan,0,597.64,0,1426.9068272853738,pasar lenteng agung,0,-1,0.0,-1,0.0
indomaret amil pejaten,5.0,2,-6.2736879,106.8335799,"jl. amil no.11, rw.4, pejaten bar., kota jakarta selatan",ChIJwXhXQUjzaS4RyD2u1bivvgU,Indomaret,Pejaten Barat,Pasar Minggu,Kota Jakarta Selatan,0,548.18,0,1627.192737409054,pasar kaget,0,-1,0.0,-1,0.0
indomaret ciledug petukangan,4.5,30,-6.236263,106.74756,"jl. ciledug raya no.6b, rt.10/rw.2, petukangan utara, kota jakarta selatan",ChIJzQet4L7waS4RFeApilyOjfw,Indomaret,Petukangan Utara,Pesanggrahan,Kota Jakarta Selatan,5,38.52,1,1333.9095118212633,pasar apoh,0,17,1.0,38,0.3529
indomaret,3.0,2,-6.228463899999999,106.7470185,"jl. h. muchtar raya no.1, rw.11, petukangan utara, kota jakarta selatan",ChIJ91a9IMjwaS4RIcKoAkrR_dM,Indomaret,Petukangan Utara,Pesanggrahan,Kota Jakarta Selatan,6,231.0,0,895.6783518717392,pasar alfa indah,0,17,0.9164647595271014,39,0.3652
indomaret darul fallah 2,4.5,238,-6.235983099999999,106.7512009,"jl. masjid darul falah no.13, rw.2, petukangan utara, kota jakarta selatan",ChIJgQybDsHwaS4R6ga_XdZJ78Q,Indomaret,Petukangan Utara,Pesanggrahan,Kota Jakarta Selatan,8,99.91,0,939.6758057480852,pasar apoh,0,17,1.0,38,0.4147
indomaret,5.0,1,-6.242818199999999,106.7519549,"jl. kemajuan no.40, rw.2, petukangan sel., kota jakarta selatan",ChIJZetr6vrxaS4RsX9Sa2zGjK0,Indomaret,Petukangan Selatan,Pesanggrahan,Kota Jakarta Selatan,6,13.8,1,1027.5209417143274,pasar apoh,0,17,0.8733243563129967,-1,0.2109
indomaret ciledug sangrilla,4.0,1,-6.2366825,106.7501446,"jl. ciledug raya no.12a, petukangan selatan, pesanggrahan, rt.1/rw.3, south petukangan, kota jakarta selatan",ChIJbfGEHcHwaS4RxKnoSu1bIxk,Indomaret,South Petukangan,Pesanggrahan,Kota Jakarta Selatan,8,217.57,0,1045.05147314764,pasar apoh,0,17,1.0,38,0.4147
indomaret raya muchtar. tp70,4.5,178,-6.228802099999999,106.7468449,"jl. h. muchtar raya no.9a, rt.6/rw.1, petukangan utara, kota jakarta selatan",ChIJG6pO37fwaS4RdYDjCTDUWMc,Indomaret,Petukangan Utara,Pesanggrahan,Kota Jakarta Selatan,6,189.87,0,924.6819659322473,pasar alfa indah,0,17,0.9164647595271014,39,0.3652
indomaret amd muchtar,4.3,82,-6.226289899999999,106.7402377,"qpfr+f3q, jl. h. muchtar raya, rt.003/rw.006, petukangan utara, kota jakarta selatan",ChIJeVMAR7HwaS4R4srJiyc2f4c,Indomaret,Petukangan Utara,Pesanggrahan,Kota Jakarta Selatan,2,473.49,0,1613.1365501517566,pasar alfa indah,0,-1,0.0,-1,0.0412
indomaret amd manunggal,4.4,209,-6.2303346,106.7508204,"jl. amd manunggal v no.2, rw.10, petukangan utara, kota jakarta selatan",ChIJr5QeJsbwaS4RabTVm0qv1rA,Indomaret,Petukangan Utara,Pesanggrahan,Kota Jakarta Selatan,4,384.54,0,628.5861545128919,pasar alfa indah,0,17,0.9164647595271014,-1,0.174
indomaret plus,0.0,0,-6.2240492,106.7547125,"jl. taman alfa indah no.10, rw.7, petukangan utara, kota jakarta selatan",ChIJKxJkI8zwaS4RTDk1MNNsXKU,Indomaret,Petukangan Utara,Pesanggrahan,Kota Jakarta Selatan,4,389.11,0,253.61864675572056,pasar alfa indah,1,17,0.8023238742148047,-1,0.5626
muchtar indomaret kingdom 2. fvpx,3.8,19,-6.230582300000001,106.7456635,"jl. h. muchtar raya no.01, rt.5/rw.1, petukangan utara, kota jakarta selatan",ChIJr4-HGLjwaS4Ragtsic4Yjus,Indomaret,Petukangan Utara,Pesanggrahan,Kota Jakarta Selatan,3,55.85,0,1118.3891770934297,pasar alfa indah,0,17,0.8287373554387536,39,0.2946
indomaret darul fallah tp13,4.4,159,-6.2333969,106.7515457,"jl. mesjid darul falah no.29d, rt.4/rw.2, petukangan utara, kota jakarta selatan",ChIJV2qZoMXwaS4RiQyhGgeG1xQ,Indomaret,Petukangan Utara,Pesanggrahan,Kota Jakarta Selatan,5,190.28,0,865.9632760341854,pasar alfa indah,0,17,1.0,38,0.3529
indomaret inpres pertukangan. txtt,4.0,7,-6.2431066,106.7485969,"no., jl. inpres no.54, rt.14/rw.2, petukangan sel., kota jakarta selatan",ChIJawlqH-vwaS4ROFHJDR7K8YI,Indomaret,Petukangan Selatan,Pesanggrahan,Kota Jakarta Selatan,4,11.34,1,1321.8290255888346,pasar pesanggrahan,0,17,0.8733243563129967,-1,0.1697
indomaret damai 2 to1u,3.9,77,-6.246344,106.7517615,"jl. damai raya no.17, rt.12/rw.2, petukangan sel., kota jakarta selatan",ChIJ8QWqFezwaS4R_5w0mAxs9dU,Indomaret,Petukangan Selatan,Pesanggrahan,Kota Jakarta Selatan,4,61.41,0,820.0065913352317,pasar pesanggrahan,0,17,0.8733243563129967,-1,0.1697
indomaret rawa papan,4.1,87,-6.2683369,106.7576132,"jl. rw. papan no.11, rt.5/rw.6, bintaro, kota jakarta selatan",ChIJjV_Ni1rwaS4RQfj-56QgK9w,Indomaret,Bintaro,Pesanggrahan,Kota Jakarta Selatan,3,320.9,0,1843.9776751252848,pasar pesanggrahan,0,4,1.0,-1,0.1618
indomaret,4.3,10,-6.2724123,106.7527205,"jl. bintaro utama i no.kav 9, rt.4/rw.8, bintaro, kota jakarta selatan",ChIJq8HgY0PwaS4R5UY58R60CRk,Indomaret,Bintaro,Pesanggrahan,Kota Jakarta Selatan,2,324.24,0,2338.3178986430025,pasar pesanggrahan,0,-1,0.0,-1,0.0412
indomaret h. syuaeb,2.5,2,-6.3588485,106.8064644,"jrr4+fh5, jl. purwa raya i, rt.6/rw.6, cipedak, kota jakarta selatan",ChIJJziCLpjuaS4RBqFo3rWHDkM,Indomaret,Cipedak,Jagakarsa,Kota Jakarta Selatan,6,387.34,0,1120.4967004526088,pasar timbul jagakarsa,0,2,0.9148757689163521,-1,0.215
indomaret,4.0,1,-6.3566026,106.8093138,"jl. moch. kahfi ii no.6, rw.3, cipedak, kota jakarta selatan",ChIJ69Imd5nuaS4R4l3iPtF1Wmw,Indomaret,Cipedak,Jagakarsa,Kota Jakarta Selatan,8,56.64,0,1126.8809131130884,pasar timbul jagakarsa,0,2,1.0,40,0.4147
indomaret,4.4,11,-6.3629815,106.8068578,"jrp4+rph, jl. m. khafi, rt.7/rw.3, cipedak, kota jakarta selatan",ChIJ6Tll06LuaS4R9zTIOA9Y0rs,Indomaret,Cipedak,Jagakarsa,Kota Jakarta Selatan,3,41.58,1,1554.5145939513257,pasar timbul jagakarsa,0,2,0.7208417345918848,-1,0.1338
indomaret m kahfi,3.6,8,-6.3406939,106.8044744,"jl. m. khafi no.5, rt.8/rw.6, ciganjur, kota jakarta selatan",ChIJFxAcIIjuaS4RYFvViU4kKeA,Indomaret,Ciganjur,Jagakarsa,Kota Jakarta Selatan,4,62.98,0,1088.0181120855402,pasar timbul jagakarsa,0,3,1.0,-1,0.1824
indomaret timbul (t18j),4.3,87,-6.3517988,106.810539,"jl. timbul no.37, rt.1/rw.3, cipedak, kota jakarta selatan",ChIJ9SsEQJvuaS4RNq5qlCDIJtw,Indomaret,Cipedak,Jagakarsa,Kota Jakarta Selatan,4,16.89,1,1012.8754938015604,pasar timbul jagakarsa,0,2,0.969883534388202,40,0.3293
indomaret brigif raya,4.3,135,-6.3442002,106.8017057,"jl. brigif no.15, rt.1/rw.1, cipedak, kota jakarta selatan",ChIJh-0yE4nuaS4RT4cgaf1ZTk8,Indomaret,Cipedak,Jagakarsa,Kota Jakarta Selatan,5,310.83,0,649.1603324195174,pasar timbul jagakarsa,0,3,1.0,-1,0.2029
indomaret pesantren daarul rahman,5.0,3,-6.3589526,106.8065455,"jrr4+cj8, rt.6/rw.6, cipedak, kota jakarta selatan",ChIJo81VL5juaS4RMjW6kId9FZ8,Indomaret,Cipedak,Jagakarsa,Kota Jakarta Selatan,6,385.44,0,1134.9685091000952,pasar timbul jagakarsa,0,2,0.9138821274401545,-1,0.2149
indomaret masjid annur,2.0,3,-6.3464005,106.8143894,"jl. moh. kafi no.24, rt.2/rw.5, cipedak, kota jakarta selatan",ChIJF2LOzoPuaS4RGhpeBivt3Zk,Indomaret,Cipedak,Jagakarsa,Kota Jakarta Selatan,4,181.06,0,1475.7076196594282,pasar timbul jagakarsa,0,3,1.0,-1,0.1824
indomaret fresh,4.0,4,-6.3461701,106.8028596,"jl. m. khafi no.2-34, rt.4/rw.1, cipedak, kota jakarta selatan",ChIJ3YjtL_zvaS4Rnl104wRCVD8,Indomaret,Cipedak,Jagakarsa,Kota Jakarta Selatan,4,241.83,0,453.6951585313897,pasar timbul jagakarsa,1,3,1.0,-1,0.5824
indomaret timbul iv a,4.4,183,-6.351852500000001,106.807109,"jl. timbul iv no.8, rt.8/rw.6, cipedak, kota jakarta selatan",ChIJ7WecLyzvaS4Rn9KPGUD4Ljg,Indomaret,Cipedak,Jagakarsa,Kota Jakarta Selatan,4,367.69,0,647.004520442147,pasar timbul jagakarsa,0,2,0.7448467316579535,-1,0.1568
srengseng sawah 2 indomaret,3.7,50,-6.3581175,106.8118531,"jrr6+qp5, jalan pemuda i, rt.3/rw.9, srengseng sawah, kota jakarta selatan",ChIJ3xl_LJnuaS4RzgLSN1FMvfI,Indomaret,Srengseng Sawah,Jagakarsa,Kota Jakarta Selatan,6,26.21,1,1450.7602695335574,pasar timbul jagakarsa,0,2,1.0,40,0.3735
indomaret - warung silah no.27,4.3,80,-6.3448961,106.8089498,"2, jl. wr. sila no.21, rw.5, ciganjur, kota jakarta selatan",ChIJw0MeY4buaS4RXvv9hDhmtt4,Indomaret,Ciganjur,Jagakarsa,Kota Jakarta Selatan,3,178.71,0,997.9794647010895,pasar timbul jagakarsa,0,3,1.0,-1,0.1618
indomaret m kahfi 4,4.5,212,-6.350038899999999,106.8016393,"jalan muhammad kahfi i, rt.6/rw.1, cipedak, jagakarsa, rt.6/rw.1, cipedak, kota jakarta selatan",ChIJ6cQUFo7uaS4R-_kInWNWM1E,Indomaret,Cipedak,Jagakarsa,Kota Jakarta Selatan,3,85.45,0,10.205088415524276,pasar timbul jagakarsa,1,2,0.577015244368862,-1,0.5195
indomaret pertigaan sadar,3.2,5,-6.3440661,106.8121865,"jl. wr. sila no.15, rt.1/rw.5, ciganjur, kota jakarta selatan",ChIJZ5dPNIHuaS4RrO2wSc7g9dk,Indomaret,Ciganjur,Jagakarsa,Kota Jakarta Selatan,4,251.52,0,1350.2599884779802,pasar timbul jagakarsa,0,3,1.0,-1,0.1824
indomart,4.2,9,-6.3541376,106.8108413,"jl. moch. kahfi ii no.32a, rt.4/rw.3, cipedak, kota jakarta selatan",ChIJky3nmJvuaS4RnXLQI2QE2oc,Indomaret,Cipedak,Jagakarsa,Kota Jakarta Selatan,9,83.27,0,1123.8347132027632,pasar timbul jagakarsa,0,2,1.0,40,0.4353
mitra umkm indomaret,0.0,0,-6.3407538,106.8045153,"jl. m. khafi no.5, rt.8/rw.6, ciganjur, kota jakarta selatan",ChIJOQ-JH4juaS4Rk2w7its6a8g,Indomaret,Ciganjur,Jagakarsa,Kota Jakarta Selatan,4,55.16,0,1083.021093718905,pasar timbul jagakarsa,0,3,1.0,-1,0.1824
indomaret matoa raya,4.5,150,-6.3628912,106.802243,"jrp2+rvx, jl. m. khafi, rt.6/rw.2, cipedak, kota jakarta selatan",ChIJTWBpu73uaS4RDjpmaVM2yCU,Indomaret,Cipedak,Jagakarsa,Kota Jakarta Selatan,2,19.32,1,1431.4917700001474,pasar timbul jagakarsa,0,-1,0.0,-1,0.0412
indomaret srengseng sawah,4.5,236,-6.3523913,106.8185399,"jrx9+3c3, jalan kukusan, rt.7/rw.7, srengseng sawah, kota jakarta selatan",ChIJbT3_jyfsaS4R717sP2FKYyI,Indomaret,Srengseng Sawah,Jagakarsa,Kota Jakarta Selatan,2,43.36,1,1896.1026243743001,pasar timbul jagakarsa,0,-1,0.0,-1,0.0412
indomaret lenteng agung barat,3.3,3,-6.3333248,106.8350508,"jl. raya lenteng agung blok cemara no.9, rt.2/rw.10, srengseng sawah, kota jakarta selatan",ChIJJaTMDg_taS4R60wVAmauYTQ,Indomaret,Srengseng Sawah,Jagakarsa,Kota Jakarta Selatan,4,12.85,1,308.1382562356751,pasar lenteng agung,1,1,1.0,37,0.7324
indomaret srengseng jagakarsa no.23,4.4,174,-6.3451713,106.8294743,"jl. o no.14, rw.3, srengseng sawah, kota jakarta selatan",ChIJpV0lAS7saS4RivjWQPg7JxE,Indomaret,Srengseng Sawah,Jagakarsa,Kota Jakarta Selatan,3,101.87,0,1617.5256210390157,pasar lenteng agung,0,1,0.9318321210814513,-1,0.1549
indomaret srengseng,4.3,195,-6.3455694,106.8262261,"jl. yon zikon 14 no.1-32, rt.6/rw.6, srengseng sawah, kota jakarta selatan",ChIJ-2nJhS7saS4RpCO7nEHGBsU,Indomaret,Srengseng Sawah,Jagakarsa,Kota Jakarta Selatan,3,107.73,0,1786.5405910698746,pasar lenteng agung,0,1,0.9318321210814513,-1,0.1549
indomaret desa putra,4.6,117,-6.3411344,106.8274065,"jl. desa putra no.52, rt.7/rw.5, srengseng sawah, kota jakarta selatan",ChIJ3TQhlPPtaS4R4L49oeHOWVI,Indomaret,Srengseng Sawah,Jagakarsa,Kota Jakarta Selatan,3,23.76,1,1290.13351494586,pasar lenteng agung,0,1,0.9318321210814513,-1,0.1549
indomaret,0.0,0,-6.335050799999999,106.8131039,"jl. sadar raya no.75 a, rw.2, ciganjur, kota jakarta selatan",ChIJK1AskZ3vaS4REypC6pL89EA,Indomaret,Ciganjur,Jagakarsa,Kota Jakarta Selatan,1,37.89,1,2099.4713187390225,pasar timbul jagakarsa,0,-1,0.0,-1,0.0206
indomaret,4.5,44,-6.3387782,106.8218532,"jl. moch. kahfi ii no.14e, rt.1/rw.4, ciganjur, kota jakarta selatan",ChIJ-Q7w6dTtaS4RDEfVifDRyGE,Indomaret,Ciganjur,Jagakarsa,Kota Jakarta Selatan,0,648.01,0,1527.0038183363893,pasar lenteng agung,0,-1,0.0,-1,0.0
indomaret rsu aulia,4.9,12,-6.335074,106.8273801,"jl. jeruk raya no.11, rw.1, jagakarsa, kota jakarta selatan",ChIJodfZVs3taS4Rnyv5NOI9wSw,Indomaret,Jagakarsa,Jagakarsa,Kota Jakarta Selatan,3,110.04,0,790.303411331745,pasar lenteng agung,0,1,0.8464767173287505,-1,0.1464
indomaret lenteng agung 2,4.4,197,-6.3349815,106.8344234,"jl. raya lenteng agung no.25, rt.3/rw.4, srengseng sawah, kota jakarta selatan",ChIJ9fzyS8_taS4Ra0JH3lgQjic,Indomaret,Srengseng Sawah,Jagakarsa,Kota Jakarta Selatan,5,186.69,0,443.75250163311523,pasar lenteng agung,1,1,1.0,37,0.7529
indomaret margasatwa raya,3.6,48,-6.313039300000001,106.8000683,"jl. margasatwa no.41, rt.8/rw.2, pd. labu, kota jakarta selatan",ChIJP8XfLBHuaS4RUZWOBnFgxCo,Indomaret,Pondok Labu,Cilandak,Kota Jakarta Selatan,5,38.57,1,703.1199505184608,pasar pondok labu,0,6,1.0,-1,0.2029
indomaret pinang raya,4.1,147,-6.3081054,106.7981876,"jl. pinang raya no.9, rt.2/rw.9, pd. labu, kota jakarta selatan",ChIJteuioxnuaS4R3u6TiMK2DHc,Indomaret,Pondok Labu,Cilandak,Kota Jakarta Selatan,1,43.68,1,671.8132578916607,pasar pondok labu,0,6,0.7576954118878703,-1,0.0964
indomaret,4.3,190,-6.310845,106.8031917,"jalan margasatwa, rt.1/rw.3, pondok labu, cilandak, rt.1/rw.3, pd. labu, kota jakarta selatan",ChIJz_7MYxDuaS4RL6XfEsDgb-M,Indomaret,Pondok Labu,Cilandak,Kota Jakarta Selatan,4,262.68,0,1054.2188628306742,pasar pondok labu,0,6,0.9690886441721854,-1,0.1793
indomaret radio dalam 2,4.4,116,-6.2557519,106.790021,"jl. bri radio dalam no.83, rt.1/rw.8, gandaria utara, kota jakarta selatan",ChIJS-XZvAvxaS4R0DsvIJwCgMs,Indomaret,Gandaria Utara,Kebayoran Baru,Kota Jakarta Selatan,4,72.21,0,1676.8169679723799,pasar mayestik,0,20,1.0,-1,0.1824
indomaret point,3.7,11,-6.2371779,106.7826854,"stasiun kebayoran, jl. mesjid al huda no.1a, rt.3/rw.1, kby. lama utara, kota jakarta selatan",ChIJ1yLGXyDxaS4R85Dgviw7Wro,Indomaret,Kebayoran Lama Utara,Kebayoran Lama,Kota Jakarta Selatan,3,32.85,1,1038.7353003996302,pasar mayestik,0,7,1.0,27,0.3118
indomaret setiabudi 17 ttap,4.7,9,-6.2104472,106.8230337,"jl. setiabudi raya no.17, rt.2/rw.2, kuningan, karet kuningan, kota jakarta selatan",ChIJT8CQPFb1aS4RK8qucus35Ww,Indomaret,Karet Kuningan,Setiabudi,Kota Jakarta Selatan,6,5.17,1,491.8107295081675,pasar karbela,1,24,1.0,41,0.7735
indomaret the peak - tapq,0.0,0,-6.2105197,106.8242588,"qrqf+rj4, the peak jalan setiabudi raya, rt.2/rw.2, kuningan, setia budi, kota jakarta selatan",ChIJ_1BcKv_1aS4Rlooh3g26uJc,Indomaret,Setia Budi,Setiabudi,Kota Jakarta Selatan,6,136.03,0,407.6259621993901,pasar karbela,1,24,1.0,41,0.7735
indomaret (tokx),0.0,0,-6.206626099999999,106.8267823,"jl. setia budi viii no.10, rt.2/rw.3, kuningan, setia budi, kota jakarta selatan",ChIJq1gLE__1aS4RWeHN-mgTXGM,Indomaret,Setia Budi,Setiabudi,Kota Jakarta Selatan,3,289.71,0,776.125058624783,pasar mencos,0,-1,0.0,-1,0.0618
indomaret point tlt,5.0,1,-6.230163699999999,106.8183432,"jl. gatot subroto no.kav 52, rt.6/rw.1, kuningan bar., kota jakarta selatan",ChIJ4RbvS9PzaS4R6hZNBfVLPa4,Indomaret,Kuningan Barat,Mampang Prapatan,Kota Jakarta Selatan,5,43.11,1,1054.416280147138,pasar santa,0,10,1.0,-1,0.2029
indomaret dinas pariwisata (ttpb) kpdp koperasi dinas pariwisata,5.0,1,-6.2350141,106.821856,"jl. kuningan barat raya, rt.6/rw.1, kuningan bar., kota jakarta selatan",ChIJCaIfAS3zaS4RU05zKohxCf0,Indomaret,Kuningan Barat,Mampang Prapatan,Kota Jakarta Selatan,1,514.51,0,1039.3674574336706,pasar santa,0,-1,0.0,-1,0.0206
indomaret convenience store point,4.0,25,-6.2048824,106.8226389,"wisma indosemen lantai gf/annex kav. 70-71, jl. jenderal sudirman, rt.3/rw.3, kuningan, setia budi, kota jakarta selatan",ChIJJ5m3hBz0aS4RBJ9_gwBC4gk,Indomaret,Setia Budi,Setiabudi,Kota Jakarta Selatan,2,471.83,0,1050.9977310110332,pasar mencos,0,-1,0.0,-1,0.0412
indomaret,4.3,104,-6.302203,106.7919364,"jl. lb. bulus iii no.40, rt.9/rw.7, cilandak bar., kota jakarta selatan",ChIJaxj8TyDuaS4RmJ8rDkpB2GA,Indomaret,Cilandak Barat,Cilandak,Kota Jakarta Selatan,2,394.2,0,1134.281499830375,pasar pondok labu,0,-1,0.0,-1,0.0412
indomaret,0.0,0,-6.3070032,106.7936899,"10, rt.4/rw.10, pondok labu, kota jakarta selatan",ChIJPz4W5BPvaS4RoUnKBAiaL3o,Indomaret,Pondok Labu,Cilandak,Kota Jakarta Selatan,6,217.68,0,582.5762715762927,pasar pondok labu,0,6,0.9251131605323332,-1,0.216
indomaret karang tengah raya,4.3,108,-6.3013439,106.7805495,"bona indah plaza, jl. karang tengah raya no.1, rt.5/rw.4, lb. bulus, kota jakarta selatan",ChIJ7aqqqinuaS4RKy68g0RuyMk,Indomaret,Lebak Bulus,Cilandak,Kota Jakarta Selatan,4,287.33,0,1897.1941143015445,pasar pondok labu,0,5,1.0,42,0.3324
indomaret fatmawati 26,4.3,6,-6.3043705,106.7951843,"jl. rs. fatmawati raya no.26, rt.1/rw.7, pd. labu, kota jakarta selatan",ChIJ-WTA4iHuaS4RhhDcoecn57U,Indomaret,Pondok Labu,Cilandak,Kota Jakarta Selatan,3,149.87,0,889.3697694430307,pasar pondok labu,0,6,0.7729621480418668,-1,0.1391
indomaret ciputat raya 4,0.0,0,-6.2776029,106.7794317,"jl. ciputat raya 24 rt 009 rw 002, pondok pinang, kebayoran lama, rt.11/rw.15, pondok pinang, kota jakarta selatan",ChIJE1VVVbbxaS4R-dLB7PhRuak,Indomaret,Pondok Pinang,Kebayoran Lama,Kota Jakarta Selatan,3,324.01,0,2026.8328784434723,pasar mede pd pasar jaya,0,8,1.0,-1,0.1618
indomaret minimarket bona indah plaza,4.5,6,-6.3009042,106.7806588,"bona indah plaza no.a2/d3 jl. karang tengah raya, rt.7/rw.6, lb. bulus, kota jakarta selatan",ChIJJesreyjuaS4RF1nrMU1l0JE,Indomaret,Lebak Bulus,Cilandak,Kota Jakarta Selatan,4,330.64,0,1919.664913784211,pasar pondok labu,0,5,1.0,-1,0.1824
indomaret karang tengah 39,4.4,90,-6.305912300000001,106.7816935,"mqvj+jmp, rt.6/rw.4, lebak bulus, kota jakarta selatan",ChIJraDzUtLvaS4RD7IR82uJtEo,Indomaret,Lebak Bulus,Cilandak,Kota Jakarta Selatan,4,82.25,0,1507.6694667022653,pasar pondok labu,0,5,1.0,42,0.3324
indomaret hybrid lebak bulus/008,4.6,13,-6.3101176,106.780875,"jl. karang tengah raya no.1, rt.1/rw.3, lb. bulus, kota jakarta selatan",ChIJBwBd3S_uaS4RMBfxWKiy408,Indomaret,Lebak Bulus,Cilandak,Kota Jakarta Selatan,2,396.66,0,1443.2194586629882,pasar pondok labu,0,-1,0.0,-1,0.0412
indomaret bona indah,3.2,5,-6.2974692,106.7824281,"indomaret, jl. lb. bulus i no.23, rt.1/rw.1, lebak bulus, kota jakarta selatan",ChIJ5cZCSA_xaS4RWfbV5rM0sBg,Indomaret,Lebak Bulus,Cilandak,Kota Jakarta Selatan,2,701.58,0,1853.087112200229,pasar mede pd pasar jaya,0,-1,0.0,-1,0.0412
indomaret pondok labu,4.1,52,-6.310976699999999,106.7934225,"jl. rs fatmawati no.8, rt.7/rw.1, pd. labu, kota jakarta selatan",ChIJuZWfRT3uaS4RPJR0-gix6to,Indomaret,Pondok Labu,Cilandak,Kota Jakarta Selatan,7,60.24,0,145.47675220720583,pasar pondok labu,1,6,1.0,-1,0.6441
indomaret h.ipin,4.3,123,-6.3118874,106.7902907,"jl. h. ipin no.11, rw.1, pd. labu, kota jakarta selatan",ChIJWagF6TzuaS4RChibXwRnJgA,Indomaret,Pondok Labu,Cilandak,Kota Jakarta Selatan,4,189.63,0,385.1446921572057,pasar pondok labu,1,6,0.9973857956200096,-1,0.5821
indomaret caringin,4.5,183,-6.283199900000001,106.7926034,"jl. caringin utara no.32, rw.10, cilandak bar., kota jakarta selatan",ChIJMRDIwMHxaS4RGxUodpMMNq8,Indomaret,Cilandak Barat,Cilandak,Kota Jakarta Selatan,4,104.15,0,495.16226650909243,pasar mede pd pasar jaya,1,19,1.0,-1,0.5824
indomaret fatmawati no.6,3.9,13,-6.2942065,106.7950223,"jl. rs. fatmawati raya no.6, rt.2/rw.5, cilandak bar., kota jakarta selatan",ChIJ6yLv7KvxaS4RlTGBTyv0phM,Indomaret,Cilandak Barat,Cilandak,Kota Jakarta Selatan,7,37.91,1,827.4784163919425,pasar mede pd pasar jaya,0,16,1.0,21,0.3941
indomaret reno pangkalan jati,4.4,61,-6.3131032,106.7963693,"jl. pangkalan jati no.8, rt.2/rw.5, pd. labu, kota jakarta selatan",ChIJ_YPzTRbuaS4RBMIVZIUvApQ,Indomaret,Pondok Labu,Cilandak,Kota Jakarta Selatan,6,55.87,0,304.1595345304802,pasar pondok labu,1,6,1.0,-1,0.6235
indomaret,4.0,1,-6.311003200000001,106.7935373,"mqqv+hcv, jl. h. ipin, rt.7/rw.1, pd. labu, kota jakarta selatan",ChIJI9WSpdXvaS4RyrpdfY2WyYA,Indomaret,Pondok Labu,Cilandak,Kota Jakarta Selatan,7,56.15,0,139.87603118692002,pasar pondok labu,1,6,1.0,-1,0.6441
indomaret adhiyaksa lebak bulus,4.5,13,-6.2977921,106.7762749,"4, jl. adhyaksa vii no.5, rw.5, lb. bulus, kota jakarta selatan",ChIJo6D2K9TxaS4RRAFRFQZF85I,Indomaret,Lebak Bulus,Cilandak,Kota Jakarta Selatan,1,278.96,0,2432.1901547149046,pasar mede pd pasar jaya,0,5,1.0,-1,0.1206
indomaret ciputat raya 2a-b,4.9,26,-6.2512092,106.7780693,"pqxh+g69, jl. ciputat raya, rt.9/rw.8, kby. lama utara, kota jakarta selatan",ChIJM0m-HlLxaS4R1ijwvB3yJVg,Indomaret,Kebayoran Lama Utara,Kebayoran Lama,Kota Jakarta Selatan,7,371.38,0,1876.3171866947675,pasar mayestik,0,18,0.8764257739691156,-1,0.2318
indomaret stasiun tebet,5.0,1,-6.2258363,106.8576173,"lapangan ros selatan no.45c, rt.4/rw.1, tebet tim., kota jakarta selatan",ChIJ111irRfzaS4RZQVb6NYgSuU,Indomaret,Tebet Timur,Tebet,Kota Jakarta Selatan,12,113.86,0,921.364361745425,pasar jaya bukit duri,0,22,1.0,2,0.4971
alfamart,4.4,43,-6.233994099999999,106.8496706,"jl. tebet barat, no. iv, no. 7, rt. 016 / 04, kel, rt.16/rw.2, tebet bar., kota jakarta selatan",ChIJ9Vwe-pbzaS4RRlQmSFdW96A,Alfamart,Tebet Barat,Tebet,Kota Jakarta Selatan,3,450.55,0,806.3845996187973,pasar pspt,0,-1,0.0,-1,0.0618
alfamart,5.0,3,-6.2392783,106.832538,"jl. gatot subroto no.kav 56, rt.1/rw.4, kuningan tim., kota jakarta selatan",ChIJXb2FxfXzaS4RMmmtYeQEE18,Alfamart,Kuningan Timur,Setiabudi,Kota Jakarta Selatan,2,547.22,0,612.3650025098794,pasar ar riyadh,0,9,0.642950865066802,-1,0.1055
alfamart lapangan ros hrn,3.7,9,-6.225838,106.8587398,"jl. kh abdullah syafei no.45, rt.1/rw.3, kb. baru, kota jakarta selatan",ChIJw46yqITzaS4ROj6VVe4JA9g,Alfamart,Kebon Baru,Tebet,Kota Jakarta Selatan,16,8.5,1,972.035549611903,pasar jaya bukit duri,0,22,1.0,2,0.5794
alfamart,4.3,21,-6.2349423,106.8570767,"jl. tebet timur dalam raya kel no.9, rt.5/rw.6, tebet tim., kota jakarta selatan",ChIJHxShupTzaS4Rfd_GHD6Fkqw,Alfamart,Tebet Timur,Tebet,Kota Jakarta Selatan,4,162.63,0,26.683090808481307,pasar pspt,1,15,0.7989828110302205,-1,0.5623
alfamart,4.3,94,-6.238003099999999,106.8602481,"jl. asem baris raya no.146, rt.11/rw.012 kel, kb. baru, kota jakarta selatan",ChIJ515758zzaS4RzrzdPn8horE,Alfamart,Kebon Baru,Tebet,Kota Jakarta Selatan,4,110.44,0,493.6232729197787,pasar pspt,1,15,0.7989828110302205,-1,0.5623
alfamart,4.2,21,-6.2210936,106.8542056,"jl. bukit duri selatan kel no.1, rt.4/rw.4, bukit duri, kota jakarta selatan",ChIJXYFIBYbzaS4R8Sd5JpbmsT0,Alfamart,Bukit Duri,Tebet,Kota Jakarta Selatan,8,368.05,0,339.73378292507164,pasar jaya bukit duri,1,22,0.3645638018175559,44,0.7512
alfamart,4.4,115,-6.2296444,106.8533086,"jl. tebet raya no.10a, rt.9/rw.4 kel, tebet tim., kota jakarta selatan",ChIJrwK7gpDzaS4RiLpXd52lzmk,Alfamart,Tebet Timur,Tebet,Kota Jakarta Selatan,4,221.0,0,722.5529334706703,pasar pspt,0,22,0.33633579943610153,-1,0.116
alfamart,4.5,19,-6.253404799999999,106.8401304,"jl. duren tiga selatan no.88, rt.1/rw.001 kel, pancoran, kota jakarta selatan",ChIJAXBtHt7zaS4RqSjmY_L6_Tg,Alfamart,Pancoran,Mampang Prapatan,Kota Jakarta Selatan,4,39.3,1,742.8561746099001,pasar kaget,0,9,0.9318732976378261,7,0.3255
alfamart express,0.0,0,-6.2425745,106.8586384,"jl. tebet timur raya no.55, rw.14, tebet tim., kota jakarta selatan",ChIJA4mAfRjzaS4RW9IHZeqsAaw,Alfamart,Tebet Timur,Tebet,Kota Jakarta Selatan,7,384.82,0,855.098056381968,pasar pspt,0,15,0.9636128521260882,43,0.3905
alfamart,5.0,1,-6.2435925,106.8322469,"jl. tegal parang utara no.23a, rt.15/rw.007, kel, kota jakarta selatan",ChIJ7yB92wvzaS4RB20MfN2CxwI,Alfamart,Kel,Mampang Prapatan,Kota Jakarta Selatan,7,70.17,0,206.94285577963356,pasar ar riyadh,1,9,1.0,10,0.7941
alfamart,4.3,68,-6.2295531,106.8467864,"jl dr soepomo sh no 73d menten, rt.2/rw.15, menteng dalam, kota jakarta selatan",ChIJFRyV05PzaS4RMYjyqWOO87o,Alfamart,Menteng Dalam,Tebet,Kota Jakarta Selatan,2,82.87,0,1274.3216229226682,pasar pspt,0,-1,0.0,-1,0.0412
alfamart,3.0,2,-6.233449999999999,106.85983,"jl. asem baris raya kel no.8 rt 2/6, rt.2/rw.6, kb. baru, kota jakarta selatan",ChIJufbg8FXzaS4RNHykvXTY9ec,Alfamart,Kebon Baru,Tebet,Kota Jakarta Selatan,3,465.39,0,373.0871117288297,pasar pspt,1,15,0.7678780537443064,-1,0.5386
alfamart abdullah syafei,4.3,56,-6.2233659,106.8491521,"jl. kh. abdullah syafei no.27, kel no.01, rt.4/rw.1, manggarai sel., kota jakarta selatan",ChIJAUMc7Y7zaS4RgN_gPmZvDbU,Alfamart,Manggarai Selatan,Tebet,Kota Jakarta Selatan,7,330.4,0,849.1264073101515,pasar jaya bukit duri,0,22,0.33980914047647914,-1,0.1781
alfamart,4.1,175,-6.249124,106.8586472,"jl. pengadegan timur raya no.17, rt.3/rw.2, pengadegan, kota jakarta selatan",ChIJSRHaLq_zaS4RM3bNCU2HZd8,Alfamart,Pengadegan,Pancoran,Kota Jakarta Selatan,10,74.95,0,269.4857485224226,pasar kaget pengadegan,1,15,0.8663708893647858,-1,0.6925
alfamart tegal parang 2,4.2,343,-6.2472825,106.8318862,"jl. tegal parang sel. no.3, rt.4/rw.2, tegal parang, kota jakarta selatan",ChIJyxel_CHzaS4RK3olku7tsH8,Alfamart,Tegal Parang,Mampang Prapatan,Kota Jakarta Selatan,8,98.2,0,361.388314059065,pasar ar riyadh,1,9,1.0,10,0.8147
alfamart,0.0,0,-6.2514477,106.8618801,"jl. pengadegan timur i no.30, rt.7/rw.1, pengadegan, kota jakarta selatan",ChIJ1YYQJfXzaS4RtiFyuIT23go,Alfamart,Pengadegan,Pancoran,Kota Jakarta Selatan,6,6.21,1,587.9554290110351,pasar kaget pengadegan,0,15,0.8663708893647858,9,0.3602
alfamart menteng atas selatan 3,3.5,8,-6.2177142,106.8386021,"qrjq+wc9, rt.9/rw.4, menteng atas, kota jakarta selatan",ChIJ3YwKPTbzaS4RVeL7N3tKQps,Alfamart,Menteng Atas,Setiabudi,Kota Jakarta Selatan,4,461.96,0,1431.62533952128,pasar mencos,0,-1,0.0,-1,0.0824
alfamart asem baris dua,4.5,17,-6.240856200000001,106.860392,"jl. asem baris raya no.12, rt.6/rw.14, kb. baru, kota jakarta selatan",ChIJcX-mR6HzaS4RpaepHq-g7uc,Alfamart,Kebon Baru,Tebet,Kota Jakarta Selatan,4,207.35,0,737.2972578643803,pasar bengong,0,15,1.0,43,0.3324
alfamart,4.3,271,-6.246529199999999,106.8553284,"5 jalan pengadegan utara kel no. 6 2, cikoko, kota jakarta selatan",ChIJSzw7gK_zaS4R5IGShG4jJTk,Alfamart,Cikoko,Pancoran,Kota Jakarta Selatan,8,47.6,1,465.7325249345741,pasar kaget pengadegan,1,15,0.9084913261761851,6,0.8056
alfamart,3.9,18,-6.2218534,106.8588398,"jl. bukit duri tanjakan no.kel, rt.13/rw.44, bukit duri, kota jakarta selatan",ChIJ_Q3dB4TzaS4RZxSq_Ptr8NY,Alfamart,Bukit Duri,Tebet,Kota Jakarta Selatan,12,310.31,0,621.6519424049607,pasar jaya bukit duri,0,22,0.3008755909944188,44,0.4271
alfamart mampang prapatan xiv,3.0,1,-6.2512721,106.8313689,"prxj+fgx, rt.9/rw.4, tegal parang, kota jakarta selatan",ChIJaXYbbDDzaS4RLIPv_3bV5Yg,Alfamart,Tegal Parang,Mampang Prapatan,Kota Jakarta Selatan,4,403.13,0,744.7096442323415,pasar warung buncit,0,9,0.8504085101306246,-1,0.1674
alfamart,4.3,120,-6.2516637,106.8500804,"jl. pengadegan selatan no.no, rt.3/rw.5, pengadegan, kota jakarta selatan",ChIJy5ulebHzaS4RlZiilhvlQuQ,Alfamart,Pengadegan,Pancoran,Kota Jakarta Selatan,2,22.65,1,736.9740083947067,pasar kaget pengadegan,0,-1,0.0,-1,0.0412
alfamart asem baris 9,3.3,3,-6.231533199999999,106.8595579,"jl. asem baris raya no.2, rt.4/rw.4, kb. baru, kota jakarta selatan",ChIJu7E9QdjzaS4RRrwgvXYkovU,Alfamart,Kebon Baru,Tebet,Kota Jakarta Selatan,2,550.62,0,493.3894763678198,pasar pspt,1,-1,0.0,-1,0.4412
alfamart,4.2,247,-6.232115299999999,106.8526155,"jl. tebet timur raya kel no.10a, rw.5, tebet tim., kota jakarta selatan",ChIJvxCSrJDzaS4RKB-Id--kE3M,Alfamart,Tebet Timur,Tebet,Kota Jakarta Selatan,3,236.32,0,575.793223703223,pasar pspt,0,15,0.6675419024288518,-1,0.1285
alfamart,0.0,0,-6.2422578,106.8586157,"jl. tebet timur dalam ii jl. letjen m.t. haryono no.kel, rt.11/rw.6, tebet tim., kota jakarta selatan",ChIJVZBHaVfzaS4RFTjXgXG6zA0,Alfamart,Tebet Timur,Tebet,Kota Jakarta Selatan,7,381.1,0,820.2508252016737,pasar pspt,0,15,1.0,43,0.3941
alfamart,4.3,22,-6.2209506,106.8501247,"jl. albarkah kel no.4, rw.3, manggarai sel., kota jakarta selatan",ChIJF9_lmLfzaS4RB63H3egCn4M,Alfamart,Manggarai Selatan,Tebet,Kota Jakarta Selatan,6,323.75,0,597.5881532729132,pasar jaya bukit duri,0,22,0.29658066579802894,-1,0.1532
alfamart,4.2,161,-6.2499501,106.8363977,"jl. pancoran barat vii kel no.22, rt.9/rw.6, kalibata, kota jakarta selatan",ChIJ6RtK2MjzaS4RUM3_G2pv1Kc,Alfamart,Kalibata,Pancoran,Kota Jakarta Selatan,5,22.24,1,656.690432682512,pasar ar riyadh,0,9,1.0,7,0.3529
alfamart tegal parang selatan,0.0,0,-6.2481087,106.8334975,"jl. tegal parang selatan i no.2, rw.4, tegal parang, kota jakarta selatan",ChIJQzyLgYTzaS4RebsP5hyLO0c,Alfamart,Tegal Parang,Mampang Prapatan,Kota Jakarta Selatan,7,230.87,0,386.8262327751572,pasar ar riyadh,1,9,1.0,10,0.7941
alfamart rasamala,5.0,2,-6.234524,106.839845,"jl. rasamala raya no.29, rt.1/rw.9, menteng dalam, kota jakarta selatan",ChIJEYL_Dc7zaS4RB34juQUJWKA,Alfamart,Menteng Dalam,Tebet,Kota Jakarta Selatan,1,104.45,0,1308.971706753357,pasar ar riyadh,0,-1,0.0,-1,0.0206
alfamart,0.0,0,-6.247007399999999,106.8432948,"gedung l'avenue shop 1, jl. raya pasar minggu kel no.kav.16, rt.1/rw.4, kalibata, kota jakarta selatan",ChIJP1-5SVPzaS4RG7CXt6z9WAA,Alfamart,Kalibata,Pancoran,Kota Jakarta Selatan,1,95.25,0,1082.7285559903657,pasar ar riyadh,0,-1,0.0,-1,0.0206
alfamart,4.5,117,-6.2247584,106.8629242,"jl. kp. melayu kecil no.17 a, rt.12/rw.9, bukit duri, kota jakarta selatan",ChIJmxbt6ILzaS4RDljYoNQLKVc,Alfamart,Bukit Duri,Tebet,Kota Jakarta Selatan,11,55.61,0,1146.7080715804664,pasar bengong,0,22,0.37037418861301413,3,0.4135
alfamart,4.0,122,-6.2494,106.84871,"jl. perdatam raya no.35, rt.7/rw.8, pengadegan, kota jakarta selatan",ChIJyX7I3bDzaS4Rb6or_7hHT18,Alfamart,Pengadegan,Pancoran,Kota Jakarta Selatan,2,281.38,0,885.7607249441156,pasar kaget pengadegan,0,-1,0.0,-1,0.0412
alfamart bkd,4.5,6,-6.2198946,106.8557831,"jl. tekukur dalam no.21-31, rt.9/rw.2, bukit duri, kota jakarta selatan",ChIJcVc1XIbzaS4RcyP2izqoYHE,Alfamart,Bukit Duri,Tebet,Kota Jakarta Selatan,5,573.33,0,235.30531788231198,pasar jaya bukit duri,1,22,0.3311595410209738,44,0.6861
alfamart,3.9,26,-6.223748899999999,106.8551894,"jl. sawo kecik raya no.4, rt.0 kel, rt.6/rw.6, bukit duri, kota jakarta selatan",ChIJ7U7upoXzaS4RujBBzm_mTGw,Alfamart,Bukit Duri,Tebet,Kota Jakarta Selatan,17,274.94,0,633.0725928965699,pasar jaya bukit duri,0,22,0.3758995415769355,-1,0.3876
alfamart,0.0,0,-6.22884,106.83263,"ariobimo sentral, jl. h. r. rasuna said no.kel, rt.1/rw.2, kuningan, kuningan tim., kota jakarta selatan",ChIJj_61hA3zaS4RYO2Bom0a2e0,Alfamart,Kuningan Timur,Setiabudi,Kota Jakarta Selatan,1,847.72,0,1761.8327344622712,pasar ar riyadh,0,-1,0.0,-1,0.0206
alfamart apartemen signature,3.0,2,-6.242746899999999,106.8545314,"jl. letjen m.t. haryono no.10, rw.9, tebet tim., kota jakarta selatan",ChIJaY52jS7zaS4Rhs70E5KpMKc,Alfamart,Tebet Timur,Tebet,Kota Jakarta Selatan,9,36.36,1,890.7169940815237,pasar pspt,0,15,1.0,8,0.4353
alfamart,4.7,11,-6.218932499999999,106.8302356,"jl.hr. rasuna said kav. 3 - 5 kel, rt.6/rw.7, kuningan, setia budi, kota jakarta selatan",ChIJXVCj6unzaS4R3_PYMijRI8o,Alfamart,Setia Budi,Setiabudi,Kota Jakarta Selatan,6,39.73,1,734.0299257333787,pasar mencos,0,24,0.9199618318185165,-1,0.2155
alfamart bukit duri utara,5.0,1,-6.2168284,106.8551025,"10, jl. bukit duri utara raya no.27, rw.1, bukit duri, kota jakarta selatan",ChIJKdryITrzaS4Rr3YGBQKOJss,Alfamart,Bukit Duri,Tebet,Kota Jakarta Selatan,2,845.74,0,146.02754298431273,pasar jaya bukit duri,1,-1,0.0,-1,0.4412
alfamart,3.8,6,-6.217207399999999,106.8442193,"jl.dr. saharjo no. 96, kel no.1, rt.1/rw.7, menteng atas, kota jakarta selatan",ChIJpTDO7ojzaS4Rr4Rj2cGIbD4,Alfamart,Menteng Atas,Setiabudi,Kota Jakarta Selatan,9,113.13,0,1161.8065646382656,pasar jaya bukit duri,0,23,0.7867907573540222,0,0.414
alfamart tegal parang 3,4.0,148,-6.2436208,106.8322451,"qr4j+hv3, jl. tegal parang utara, rt.4/rw.7, mampang prpt., kota jakarta selatan",ChIJfecMjMTzaS4R4fJ9fakjI5Q,Alfamart,Mampang Prapatan,Mampang Prapatan,Kota Jakarta Selatan,7,67.22,0,205.34996827913022,pasar ar riyadh,1,9,1.0,10,0.7941
alfamart,5.0,4,-6.225860000000001,106.8587594,"rt.1/rw.5, kb. baru, kota jakarta selatan",ChIJqeWQWf7zaS4RJW-5-q6ZFk8,Alfamart,Kebon Baru,Tebet,Kota Jakarta Selatan,16,6.21,1,975.2047896127815,pasar jaya bukit duri,0,22,1.0,2,0.5794
alfamart mampang prapatan 2,4.2,180,-6.2433977,106.8291506,"jl. mampang prapatan ii no.19, rt.10/rw.2, mampang prpt., kota jakarta selatan",ChIJv7kzTtvzaS4RPboho4y1LBs,Alfamart,Mampang Prapatan,Mampang Prapatan,Kota Jakarta Selatan,6,372.7,0,531.4627669103712,pasar ar riyadh,0,9,1.0,-1,0.2235
alfamart,0.0,0,-6.2550819,106.8562552,"woodland park residence tower trembesi, jl. raya kalibata kel no.22, rt.6/rw.7, rawajati, kota jakarta selatan",ChIJGWu7SVDzaS4RQFrnntyC1lo,Alfamart,Rawajati,Pancoran,Kota Jakarta Selatan,5,143.03,0,510.45578612349874,pasar kaget pengadegan,0,13,0.7255743847514573,-1,0.1755
alfamart satrio,4.7,12,-6.2256225,106.8301711,"jl. prof. dr. satrio no.9, rt.7/rw.2, kuningan, kuningan tim., kota jakarta selatan",ChIJRSP9X8HzaS4ROIFGu7jBrKg,Alfamart,Kuningan Timur,Setiabudi,Kota Jakarta Selatan,2,426.68,0,1397.8446655505088,pasar karbela,0,-1,0.0,-1,0.0412
alfamart komplek selmis,0.0,0,-6.2258337,106.8589905,"jl. asem baris raya no.3, rt.3/rw.9, kebon baru, kota jakarta selatan",ChIJ0dPodPrzaS4RE47Rr8Mz77Y,Alfamart,Kebon Baru,Tebet,Kota Jakarta Selatan,16,11.99,1,984.6772497573708,pasar jaya bukit duri,0,22,1.0,2,0.5794
alfamart bukit duri selatan,0.0,0,-6.2212139,106.856739,"jl. cucakrawa no.882, rt.8/rw.4, bukit duri, kota jakarta selatan",ChIJ8a2fcwfzaS4Rte3SBP5Gj_0,Alfamart,Bukit Duri,Tebet,Kota Jakarta Selatan,5,458.14,0,415.7147860212964,pasar jaya bukit duri,1,22,0.3758995415769355,44,0.6905
alfamart pancoran barat vii,4.6,27,-6.252869899999999,106.8376863,"jl. pancoran barat vii no.7a, rt.15/rw.1, pancoran, kota jakarta selatan",ChIJR3f96NbzaS4RlJ7hhGiIRj4,Alfamart,Pancoran,Pancoran,Kota Jakarta Selatan,6,138.95,0,754.8534490866632,pasar kaget,0,9,1.0,7,0.3735
alfamart stasiu,5.0,3,-6.2258686,106.8586468,"qvf5+mfc, flyover stasiun tebet, rt.3/rw.9, kb. baru, kota jakarta selatan",ChIJYRBiI-rzaS4RBW5LKzm2-yY,Alfamart,Kebon Baru,Tebet,Kota Jakarta Selatan,16,18.69,1,970.3843489772751,pasar jaya bukit duri,0,22,1.0,2,0.5794
alfamart,4.3,151,-6.216512,106.8278755,"jl. anggrek 3 kel no.25 b, rt.19/rw.2, kuningan, karet kuningan, kota jakarta selatan",ChIJd8d5kgf0aS4RZrS7fXlU-kg,Alfamart,Karet Kuningan,Setiabudi,Kota Jakarta Selatan,6,335.94,0,366.77662767542284,pasar mencos,1,24,0.9730367053564166,-1,0.6208
alfamart pasar manggis,4.8,5,-6.2140038,106.8427878,"jl. payakumbuh no.56, rt.11/rw.9, ps. manggis, kota jakarta selatan",ChIJ41SXHGn1aS4R33isZf_v_DY,Alfamart,Pasar Manggis,Setiabudi,Kota Jakarta Selatan,15,197.05,0,1391.7760827068419,pasar jaya bukit duri,0,23,1.0,0,0.5588
alfamart,4.0,1,-6.2130459,106.825213,"jl. karet belakang barat jl. karbela no.kel, rt.1/rw.2, kuningan, karet kuningan, kota jakarta selatan",ChIJg9H4zDH1aS4Rm3_YlVTAJaY,Alfamart,Karet Kuningan,Setiabudi,Kota Jakarta Selatan,9,300.05,0,116.24860486932212,pasar karbela,1,24,1.0,-1,0.6853
alfamart,3.0,1,-6.2303643,106.8218469,"jl. guru mughni kel no.12, rt.1, kuningan, kuningan tim., kota jakarta selatan",ChIJR3_-W0XzaS4Ra2KJ49HgobM,Alfamart,Kuningan Timur,Setiabudi,Kota Jakarta Selatan,5,333.5,0,1298.5841417734407,pasar santa,0,10,1.0,-1,0.2029
alfamart,4.2,66,-6.2457614,106.8258046,"jl. mampang prpt. raya kel no.58 a, rt.9/rw.3, tegal parang, kota jakarta selatan",ChIJWVXFdyLzaS4R8xNLa-VEm_w,Alfamart,Tegal Parang,Mampang Prapatan,Kota Jakarta Selatan,5,346.16,0,891.7026577867967,pasar ar riyadh,0,9,0.881024937160995,-1,0.191
alfamart,0.0,0,-6.2140499,106.8468344,"jl. mampang prapatan xviii no.01, rt.8/rw.rw, manggarai, kota jakarta selatan",ChIJu8pW-M_1aS4RNa-MGFln8O8,Alfamart,Manggarai,Tebet,Kota Jakarta Selatan,7,374.81,0,977.3234413190096,pasar jaya bukit duri,0,23,0.7313900411433744,-1,0.2173
alfamart tebet utara dalam,0.0,0,-6.227136199999999,106.8550131,"10, jl. tebet utara dalam no.14, rw.1, tebet tim., kota jakarta selatan",ChIJ2y6N7cbzaS4Rq34j25qX_tE,Alfamart,Tebet Timur,Tebet,Kota Jakarta Selatan,13,162.02,0,907.7172320433303,pasar pspt,0,22,0.39553541538479414,2,0.4572
alfamart,4.3,263,-6.2138855,106.8266392,"jl. karet belakang i no.2, rt.3/rw.4, kuningan, karet, kota jakarta selatan",ChIJUyMhTgb0aS4RgL8lQLR7f34,Alfamart,Karet,Setiabudi,Kota Jakarta Selatan,5,449.14,0,47.050874490115156,pasar mencos,1,24,0.8967922600378291,-1,0.5926
alfamart minangkabau,4.5,146,-6.2125368,106.8445336,"jl. minangkabau barat no.2, rw.10, ps. manggis, kota jakarta selatan",ChIJ2wTpYf71aS4RoHjLXsoGgMw,Alfamart,Pasar Manggis,Setiabudi,Kota Jakarta Selatan,14,348.46,0,1280.9057064452195,pasar jaya bukit duri,0,23,1.0,0,0.5382
alfamart,3.8,39,-6.243284,106.8259296,"jl. mampang prpt. raya kel no.18, rt. 06/03, rt.6/rw.3, mampang prpt., kota jakarta selatan",ChIJ5743TtvzaS4RaNTeZ8xL7Gw,Alfamart,Mampang Prapatan,Mampang Prapatan,Kota Jakarta Selatan,3,418.15,0,882.18769925111,pasar ar riyadh,0,9,0.6352471314957618,-1,0.1253
alfamart swadaya 1,4.3,131,-6.214059499999999,106.8468424,"jl. swadaya 1 no.25, rt.8/rw.8, manggarai, kota jakarta selatan",ChIJAWHbLHT0aS4RKMOn7LcwAFo,Alfamart,Manggarai,Tebet,Kota Jakarta Selatan,7,374.91,0,976.0484449566203,pasar jaya bukit duri,0,23,0.7312500546554452,-1,0.2172
alfamart karbela 2,3.8,5,-6.2154088,106.8281067,"jl. karbela, gg. anggrek xii kel no.10, rt.18/rw.2, kuningan, karet kuningan, kota jakarta selatan",ChIJAy-tiaj1aS4RDnaS0bHpQiw,Alfamart,Karet Kuningan,Setiabudi,Kota Jakarta Selatan,6,363.51,0,281.5542481828467,pasar mencos,1,24,0.9730367053564166,-1,0.6208
alfamart,4.3,66,-6.216337999999999,106.8203685,"jl. bek murad no.7, rt.8/rw.001 kel, kuningan, karet kuningan, kota jakarta selatan",ChIJqxVWcJX1aS4RUAMlnS81uJM,Alfamart,Karet Kuningan,Setiabudi,Kota Jakarta Selatan,5,19.49,1,683.1207335087894,pasar karbela,0,24,1.0,12,0.3529
alfamart muria tanjakan,4.6,35,-6.2119276,106.8380365,"jl. muria tanjakan gg. c2 no.6, rt.1/rw.12, ps. manggis, kota jakarta selatan",ChIJ5Si0x671aS4RNBFEQK-tApQ,Alfamart,Pasar Manggis,Setiabudi,Kota Jakarta Selatan,9,372.33,0,1306.8994521292213,pasar mencos,0,23,0.7690925928287079,-1,0.2622
alfamart,3.7,18,-6.210939,106.8421901,"jl. menteng wadas timur no. 12, kel no.01, rt.2/rw.1, ps. manggis, kota jakarta selatan",ChIJ65NqKXP0aS4R5fP1Zj0JGls,Alfamart,Pasar Manggis,Setiabudi,Kota Jakarta Selatan,10,44.55,1,1593.7864840624661,pasar jaya bukit duri,0,23,0.9750076742567914,1,0.4534
sumber alfaria trijaya. pt (alfamart),3.0,1,-6.213625899999999,106.8206906,"jl. penjernihan i no.10, rt.4/rw.2, kuningan, karet, kota jakarta selatan",ChIJo-s9oAH0aS4RVJ8YUgAM_DY,Alfamart,Karet,Setiabudi,Kota Jakarta Selatan,7,307.22,0,584.775044099209,pasar karbela,0,24,0.928674928430738,-1,0.237
alfamart express,0.0,0,-6.2107225,106.8508269,"qvq2+p84, rt.15/rw.4, manggarai, kota jakarta selatan",ChIJQYHKz8b1aS4RneZiLSv-nAY,Alfamart,Manggarai,Tebet,Kota Jakarta Selatan,3,230.68,0,922.7185736887475,pasar jaya bukit duri,0,-1,0.0,4,0.2118
alfamart,3.8,13,-6.2510088,106.8216417,"jl. pondok jaya vi no.31 rt.00 kel, rt.6/rw.6, pela mampang, kota jakarta selatan",ChIJmdxMydLzaS4R3PTMkWwbsm8,Alfamart,Pela Mampang,Mampang Prapatan,Kota Jakarta Selatan,5,169.81,0,637.1942057712992,pasar warung buncit,0,9,0.881024937160995,-1,0.191
alfamart mwtm (k795),4.4,5,-6.210930299999999,106.8421876,"jl. menteng wadas timur no.18b, rt.9/rw.1, ps. manggis, kota jakarta selatan",ChIJH1n1T3P0aS4R6agOTLlpnCg,Alfamart,Pasar Manggis,Setiabudi,Kota Jakarta Selatan,10,43.61,1,1594.508060901624,pasar jaya bukit duri,0,23,0.9750076742567914,1,0.4534
alfamart guru mugni 2,3.8,25,-6.230415799999999,106.8213373,"jl. peltu rahmat sidup no.7 kuningan rt.1, rt.1, rt.1, kuningan, kuningan tim., kota jakarta selatan",ChIJ7z1SCOPzaS4RUqc62WYc7_E,Alfamart,Kuningan Timur,Setiabudi,Kota Jakarta Selatan,5,332.15,0,1252.5525121954422,pasar santa,0,10,1.0,-1,0.2029
alfamart,4.0,2,-6.209969699999999,106.8503501,"stasiun manggarai, rt.15/rw.4, manggarai, kota jakarta selatan",ChIJsxTMGoP1aS4RKrbP3zhaAww,Alfamart,Manggarai,Tebet,Kota Jakarta Selatan,3,132.88,0,1021.3490420333161,pasar jaya bukit duri,0,-1,0.0,4,0.2118
alfamart pengadengan barat,4.4,85,-6.245896,106.8555588,"jl. pengadegan barat raya no.21, rt.2/rw.6, pengadegan, kota jakarta selatan",ChIJD6Xy_f7zaS4RD9NxgaCPQ9I,Alfamart,Pengadegan,Pancoran,Kota Jakarta Selatan,8,9.09,1,526.6812268934469,pasar kaget pengadegan,0,15,1.0,6,0.4147
alfamart menteng atas,5.0,3,-6.2140737,106.8402247,"jl. menteng atas no.9, rw.12, kuningan, pasar manggis, kota jakarta selatan",ChIJ9zeEzdD1aS4Rcj8jslVXWzQ,Alfamart,Pasar Manggis,Setiabudi,Kota Jakarta Selatan,13,81.12,0,1536.5546427164556,pasar mencos,0,23,1.0,0,0.5176
alfamart sawah lunto,4.6,169,-6.214008799999999,106.842788,"11, jl. minangkabau barat no.58d, rt.11/rw.9, ps. manggis, kota jakarta selatan",ChIJaSlK6PT1aS4RrBHGJkrlQ1k,Alfamart,Pasar Manggis,Setiabudi,Kota Jakarta Selatan,15,196.53,0,1391.5743409635804,pasar jaya bukit duri,0,23,1.0,0,0.5588
alfamart barkah ii,0.0,0,-6.2197686,106.8511829,"jl. barkah i no.14, rw.6, manggarai sel., kota jakarta selatan",ChIJ85lVEnTzaS4RHy8f_3cmsuI,Alfamart,Manggarai Selatan,Tebet,Kota Jakarta Selatan,4,443.96,0,431.20169011105804,pasar jaya bukit duri,1,22,0.29023697527736114,-1,0.5114
alfamart,4.0,2,-6.253431399999999,106.8216615,"jl. bangka xi c kel no.26, rt.11/rw.10, pela mampang, kota jakarta selatan",ChIJ87K7nWvzaS4Rle3PP96wwFg,Alfamart,Pela Mampang,Mampang Prapatan,Kota Jakarta Selatan,2,438.67,0,487.07917751744174,pasar warung buncit,1,9,0.65722019840066,-1,0.5069
alfamart,4.2,283,-6.2491889,106.8186279,"jl. bangka ii kel no.1a, rt.8/rw.3, pela mampang, kota jakarta selatan",ChIJ-dormaPzaS4RlalyMly0C5M,Alfamart,Pela Mampang,Mampang Prapatan,Kota Jakarta Selatan,4,316.5,0,1020.8247418822256,pasar warung buncit,0,9,0.8460911098366846,-1,0.167
alfamart,0.0,0,-6.252799599999999,106.8268128,"jl. mampang prpt. 16 kel no.5, rt.1/rw.6, tegal parang, kota jakarta selatan",ChIJl_om9KjzaS4RGU8Vxu07GBo,Alfamart,Tegal Parang,Mampang Prapatan,Kota Jakarta Selatan,3,149.47,0,270.65741510114856,pasar warung buncit,1,9,0.7157116336098963,14,0.6833
alfamart,4.4,24,-6.2572531,106.8177386,"jl. kemang utara, no. 12 d-e, rt. 006/005, kel, rt.6/rw.1, bangka, kota jakarta selatan",ChIJtQRU4H_xaS4R4f3Hqd6dnFE,Alfamart,Bangka,Mampang Prapatan,Kota Jakarta Selatan,2,433.88,0,922.7549050867111,pasar warung buncit,0,9,0.6265279603253793,-1,0.1038
alfamart,4.2,120,-6.245465,106.8186523,"jl. bangka ii kel no.29l, rt.17/rw.2, pela mampang, kota jakarta selatan",ChIJE2FoiNjzaS4RkuhZJgb9Stg,Alfamart,Pela Mampang,Mampang Prapatan,Kota Jakarta Selatan,7,314.36,0,1045.0999749551484,pasar santa,0,9,0.8460911098366846,-1,0.2287
alfamart mampang prapatan 2 (kb48),4.0,4,-6.2527525,106.8268743,"jl. warung buncit raya no.5, rt.4/rw.6, tegal parang, kota jakarta selatan",ChIJgePHgdHzaS4RcdWxMOdPfeA,Alfamart,Tegal Parang,Mampang Prapatan,Kota Jakarta Selatan,3,154.23,0,278.31107373836267,pasar warung buncit,1,9,0.7267989324658891,14,0.6844
alfamart bakrie tower,4.7,6,-6.2193385,106.8344896,"bakrie tower, jl. epicentrum utama raya no.2, rt.2/rw.5, karet kuningan, kota jakarta selatan",ChIJW44xTg70aS4RnoQoC3ewjZY,Alfamart,Karet Kuningan,Setiabudi,Kota Jakarta Selatan,4,273.55,0,1105.1318368401166,pasar mencos,0,-1,0.0,-1,0.0824
alfamart,4.7,54,-6.248098499999999,106.8289238,"jl. mampang prapatan viii no.23, rw.2, tegal parang, kota jakarta selatan",ChIJw9fJV1DzaS4R-MkiDQkHMOY,Alfamart,Tegal Parang,Mampang Prapatan,Kota Jakarta Selatan,5,193.93,0,661.3240548571397,pasar ar riyadh,0,9,0.881024937160995,10,0.341
alfamart,4.0,5,-6.258382999999999,106.8253662,"jl. duren bangka no.31, d no.kel, rt.6/rw.4, bangka, kota jakarta selatan",ChIJSxYbySzyaS4R2syLNG02aQQ,Alfamart,Bangka,Mampang Prapatan,Kota Jakarta Selatan,0,502.94,0,378.4317163006347,pasar warung buncit,1,-1,0.0,-1,0.4
alfamart,4.2,77,-6.261753499999999,106.8336621,"jl. kalibata tengah kel no.60, rt.10/rw.7, kalibata, kota jakarta selatan",ChIJAd72qmHzaS4RFQV01cn-_Vg,Alfamart,Kalibata,Pancoran,Kota Jakarta Selatan,4,344.5,0,509.85961493984405,pasar kaget,0,14,1.0,-1,0.1824
alfamart,4.1,48,-6.2658257,106.8352335,"jl.warung jati no.2, kel no.9, rt.4/rw.9, kalibata, kota jakarta selatan",ChIJa4P60zDyaS4R4wTgs1-cS5k,Alfamart,Kalibata,Pancoran,Kota Jakarta Selatan,4,490.9,0,740.702416188357,pasar kaget,0,14,1.0,-1,0.1824
alfamart,4.7,7,-6.2662632,106.8239456,"jl. kemang timur no.50, rt.9/rw.003 kel, bangka, kota jakarta selatan",ChIJVSxA1S7yaS4RZ9xhBDqwsbI,Alfamart,Bangka,Mampang Prapatan,Kota Jakarta Selatan,2,215.0,0,1268.1853330151241,pasar warung buncit,0,-1,0.0,-1,0.0412
alfamart,3.5,2,-6.2579807,106.8499505,"apartement kalibata city tower nusa indah 08-11 kel, rt.9/rw.4, rawajati, kota jakarta selatan",ChIJgztQ37LzaS4RqexTxSjOLo8,Alfamart,Rawajati,Pancoran,Kota Jakarta Selatan,6,132.31,0,1112.7184274718602,pasar kaget pengadegan,0,13,1.0,15,0.3735
alfamart,4.1,22,-6.2624146,106.8482494,"jl. empang tiga no.99 rt.14, rw no.kel, rt.14/rw.1, pejaten tim., kota jakarta selatan",ChIJldgfBQDzaS4RQD2w0HmvqT0,Alfamart,Pejaten Timur,Pasar Minggu,Kota Jakarta Selatan,2,427.06,0,1198.7123487333176,pasar kaget,0,13,0.5446973023776196,-1,0.0956
alfamart,4.3,185,-6.2614857,106.8419188,"jl. kalibata tengah kel no.rt. 001 / 07, rt.2/rw.7, kalibata, kota jakarta selatan",ChIJxx6tdpbzaS4RZ-Qlex8c2vI,Alfamart,Kalibata,Pancoran,Kota Jakarta Selatan,3,119.13,0,502.09666725415434,pasar kaget,0,14,0.9161880876723317,-1,0.1534
alfamart - tower ebony,5.0,1,-6.257284599999999,106.8526894,"pvv3+33p, rt.9/rw.4, rawajati, kota jakarta selatan",ChIJJwlUwbrzaS4RF4cES_63IzE,Alfamart,Rawajati,Pancoran,Kota Jakarta Selatan,9,26.97,1,871.2484709326023,pasar kaget pengadegan,0,13,1.0,15,0.4353
alfamart,3.9,108,-6.265602599999999,106.8508493,"jl. rawajati timur no.kel, rt.7/rw.6, rawajati, kota jakarta selatan",ChIJK3B8r0_yaS4RKn-EKaMgJpM,Alfamart,Rawajati,Pancoran,Kota Jakarta Selatan,3,339.58,0,1590.1283329852495,pasar kaget,0,-1,0.0,-1,0.0618
alfamart,4.3,119,-6.2661947,106.8408908,"jl. h. samali kel no.3, rt.1/rw.4, pejaten bar., kota jakarta selatan",ChIJkah0xDfyaS4RVVK-oIB1NjA,Alfamart,Pejaten Barat,Pasar Minggu,Kota Jakarta Selatan,2,501.85,0,804.7850498719151,pasar kaget,0,14,0.9384361456916451,-1,0.135
alfamart buncit 12,4.5,13,-6.2527202,106.826871,"jl. mampang prapatan xiii no.12, rt.1/rw.6, tegal parang, kota jakarta selatan",ChIJpQkMoNHzaS4R2HbnZOycUjU,Alfamart,Tegal Parang,Mampang Prapatan,Kota Jakarta Selatan,3,157.83,0,281.38890657432535,pasar warung buncit,1,9,0.727871911335447,14,0.6846
alfamart,4.2,30,-6.2679459,106.8470626,"jl. batu i kel no.3, rt.4/rw.1, pejaten tim., kota jakarta selatan",ChIJ7etgAUbyaS4Rltk4NYMESVU,Alfamart,Pejaten Timur,Pasar Minggu,Kota Jakarta Selatan,3,484.81,0,1380.367636981484,pasar kaget,0,-1,0.0,-1,0.0618
alfamart,4.3,102,-6.272520099999999,106.8383983,"jl. siaga raya no.17, rt.4/rw.4 kel, pejaten bar., kota jakarta selatan",ChIJxRVKKDnyaS4RxtZdiPBr3f4,Alfamart,Pejaten Barat,Pasar Minggu,Kota Jakarta Selatan,5,90.81,0,1431.9142190352254,pasar kaget,0,14,1.0,-1,0.2029
alfamart,4.3,150,-6.2721008,106.8485963,"jl. angsana no 14 rt 101/5 kel, rt.10/rw.4, pejaten tim., kota jakarta selatan",ChIJf_l1EkTyaS4R9Tga6M5sprI,Alfamart,Pejaten Timur,Pasar Minggu,Kota Jakarta Selatan,4,8.15,1,1829.6333399665334,pasar kaget,0,-1,0.0,16,0.2324
alfamart,4.5,81,-6.2692393,106.8377635,"jl. siaga raya no.kel, rt.12/rw.0, pejaten bar., kota jakarta selatan",ChIJZ4vwWCzzaS4R9YOSWsktFtA,Alfamart,Pejaten Barat,Pasar Minggu,Kota Jakarta Selatan,6,24.49,1,1065.3934351422477,pasar kaget,0,14,1.0,-1,0.2235
alfamart jl. kemuning (1mu1),4.6,193,-6.273202299999999,106.8474613,"jl. kemuning raya no.33, rt.6/rw.6, pejaten tim., kota jakarta selatan",ChIJeawFH9TzaS4RZra6zTDuY0I,Alfamart,Pejaten Timur,Pasar Minggu,Kota Jakarta Selatan,3,181.65,0,1848.4694658494725,pasar kaget,0,-1,0.0,16,0.2118
alfamart,4.4,230,-6.2768681,106.8415746,"jl. pejaten raya no.20 a, rt.10/rw.2, kel, kota jakarta selatan",ChIJEyrhCkDyaS4RLgCbuqlGxn0,Alfamart,Kel,Pasar Minggu,Kota Jakarta Selatan,1,125.35,0,1428.0545337116787,pasar minggu,0,14,0.8565464477500906,-1,0.1062
alfamart siaga raya,4.3,95,-6.2691579,106.8378314,"prjq+84j, rt.12/rw.4, west pejaten, kota jakarta selatan",ChIJaYELyDnyaS4RCGjPIh_HyzU,Alfamart,Pejaten Barat,Pasar Minggu,Kota Jakarta Selatan,6,34.55,1,1056.3676383265415,pasar kaget,0,14,1.0,-1,0.2235
alfamart,4.3,246,-6.2523984,106.8145319,"jl. bangka raya kel no.101, rt.2/rw.1, pela mampang, kota jakarta selatan",ChIJdQvH69nxaS4RbrLohgHukIQ,Alfamart,Pela Mampang,Mampang Prapatan,Kota Jakarta Selatan,3,65.41,0,1275.9963202548347,pasar warung buncit,0,9,0.6943854617616741,-1,0.1312
alfamart kapten tendean 2,3.8,11,-6.240049200000001,106.818981,"jl. kapt. tendean no. 18 b, rt, kel, rt.1/rw.1, pela mampang, kota jakarta selatan",ChIJk9Chmd_zaS4R8JKnx_DYAd4,Alfamart,Pela Mampang,Mampang Prapatan,Kota Jakarta Selatan,3,256.55,0,706.596980999954,pasar santa,0,9,0.7570986600571656,45,0.2875
alfamart,3.5,12,-6.2440528,106.8161758,"jl. bangka raya kel no.31 a, rt.5/rw.5, pela mampang, kota jakarta selatan",ChIJQQRLPWLxaS4Rw_WIE4_HVMw,Alfamart,Pela Mampang,Mampang Prapatan,Kota Jakarta Selatan,6,0.22,1,764.5403820172921,pasar santa,0,9,0.8460911098366846,13,0.3581
alfamart,5.0,1,-6.2385571,106.8170846,"jl. wolter monginsidi no.125, rt.1/rw.2, rw. bar., kota jakarta selatan",ChIJ7dChQKnxaS4Rc90K7EVLZBA,Alfamart,Rawa Barat,Kebayoran Baru,Kota Jakarta Selatan,3,0.04,1,462.8679003166859,pasar santa,1,9,0.760273605435492,45,0.6878
alfamart,3.6,14,-6.2730548,106.8150264,"jl.kemang selatan x11, kel, rt.11/rw.4, cilandak tim., kota jakarta selatan",ChIJXcA3nYnxaS4RsNTOqAWbAAw,Alfamart,Cilandak Timur,Pasar Minggu,Kota Jakarta Selatan,2,51.52,0,976.988249828893,pasar cipete selatan,0,-1,0.0,-1,0.0412
alfamart bangka 2,4.3,175,-6.2433743,106.8156896,"jl. bangka raya no.26, rt.5/rw.5, pela mampang, kota jakarta selatan",ChIJJcKfPGLxaS4RGLvlj1PN8YY,Alfamart,Pela Mampang,Mampang Prapatan,Kota Jakarta Selatan,6,87.93,0,672.8237916219077,pasar santa,0,9,0.8460911098366846,13,0.3581
alfamart pejaten 2,4.2,13,-6.2795707,106.8349757,"jl. pejaten raya (graha pejaten) no. 5 j-k, rt.7/rw.7, kel, kota jakarta selatan",ChIJnX2VLibzaS4RTmYUIBuSA9A,Alfamart,Kel,Pasar Minggu,Kota Jakarta Selatan,3,163.24,0,1245.0164686137769,pasar minggu,0,14,0.795818652531426,46,0.2913
alfamart,4.0,5,-6.2777493,106.8270138,"jl. pejaten barat raya kel no.36, rt.6/rw.3, ragunan, kota jakarta selatan",ChIJ8_uaqH3zaS4Rh21wCL2tD_g,Alfamart,Ragunan,Pasar Minggu,Kota Jakarta Selatan,0,741.98,0,1946.2099142747413,pasar minggu,0,-1,0.0,-1,0.0
alfamart,2.8,4,-6.279772899999999,106.8375655,"jl. raya jatipadang no.kel, rt.8/rw.10, jati padang, kota jakarta selatan",ChIJIXz_vBXyaS4RCwm7-7rVjP4,Alfamart,Jati Padang,Pasar Minggu,Kota Jakarta Selatan,4,95.15,0,1125.5127545299429,pasar minggu,0,14,0.8565464477500906,46,0.318
alfamart,4.6,72,-6.277224899999999,106.8204814,"jl. ampera raya no. 120a, rt. 002/010 kel, rt.2/rw.10, ragunan, kota jakarta selatan",ChIJP1_Dhf3zaS4Rusdc7wMlXd8,Alfamart,Ragunan,Pasar Minggu,Kota Jakarta Selatan,1,530.16,0,1383.2218869969945,pasar cipete selatan,0,-1,0.0,-1,0.0206
alfamart kemang selatan raya,4.8,24,-6.273941199999999,106.8189054,"jl. kemang sel. no.4, rw.4, raya, kota jakarta selatan",ChIJoyofGuvzaS4RM0Dyh9j3fPo,Alfamart,raya,Pasar Minggu,Kota Jakarta Selatan,3,461.98,0,1301.5840536291103,pasar cipete selatan,0,-1,0.0,-1,0.0618
alfamart,4.4,124,-6.2726555,106.8465858,"jl. raya pasar minggu, rt.12/rw.005 kel, pejaten tim., kota jakarta selatan",ChIJx7JuK6HzaS4RmwoaiswInGQ,Alfamart,Pejaten Timur,Pasar Minggu,Kota Jakarta Selatan,3,233.7,0,1743.3693666564595,pasar kaget,0,-1,0.0,16,0.2118
alfamart,0.0,0,-6.2300567,106.8187181,"jl. gatot subroto kel no.kav.52, rt.6/rw.1, kuningan bar., kota jakarta selatan",ChIJDxW97RrzaS4RmZsx_ifU4x8,Alfamart,Kuningan Barat,Mampang Prapatan,Kota Jakarta Selatan,5,43.11,1,1088.0468587676448,pasar santa,0,10,1.0,-1,0.2029
alfamart,4.8,5,-6.226305,106.8191669,"apartemen taman semanggi, jl. akri kel no.136, rt.8/rw.2, karet semanggi, kota jakarta selatan",ChIJZSNypFjzaS4RiqX0yBCekAw,Alfamart,Karet Semanggi,Setiabudi,Kota Jakarta Selatan,4,254.5,0,1469.1960887989892,pasar santa,0,10,1.0,-1,0.1824
alfamart,0.0,0,-6.266535999999999,106.8103135,"jl. pelita no.99a, rt.8/rw.7, cipete utara, kota jakarta selatan",ChIJI33nWifxaS4RzKQwmLH81wY,Alfamart,Cipete Utara,Kebayoran Baru,Kota Jakarta Selatan,3,410.92,0,1345.1458327270134,pasar cipete selatan,0,9,0.6371508251636194,-1,0.1255
alfamart,4.3,4,-6.2426448,106.787694,"jl. gandaria 1 no.339, rt.5/rw.2, kramat pela, kota jakarta selatan",ChIJ2-7GYbvxaS4RR9L87NnK-a0,Alfamart,Kramat Pela,Kebayoran Baru,Kota Jakarta Selatan,1,477.95,0,459.192083693635,pasar mayestik,1,-1,0.0,-1,0.4206
alfamart,4.3,12,-6.220866099999999,106.7786611,"jl. raya kby. lama kel no.60, rt.7/rw.2, grogol utara, kota jakarta selatan",ChIJTXm4acHxaS4RKHXcYl6lbG4,Alfamart,Grogol Utara,Kebayoran Lama,Kota Jakarta Selatan,1,307.94,0,1515.5610870923786,pasar cidodol,0,-1,0.0,-1,0.0206
alfamart,3.0,8,-6.2483201,106.7900754,"jl. gandaria i no.04, rt. 010 kel, rt.1/rw.8, kramat pela, kota jakarta selatan",ChIJ9cTCcxLxaS4RIQU5nzRwbcU,Alfamart,Kramat Pela,Kebayoran Baru,Kota Jakarta Selatan,5,35.41,1,855.8935700460688,pasar mayestik,0,20,1.0,26,0.3529
alfamart,4.3,118,-6.228025,106.7785565,"jl. raya kby. lama no.37, rt.5/rw.007 kel, grogol sel., kota jakarta selatan",ChIJl8UlGdXxaS4Rzp4Cn0GDDRY,Alfamart,Grogol Selatan,Kebayoran Lama,Kota Jakarta Selatan,3,297.81,0,863.3252920299003,pasar cidodol,0,7,1.0,-1,0.1618
alfamart,4.8,13,-6.247626299999999,106.7785018,"jl. ciputat raya, rt. 8/8 kel, rt.8/rw.8, kby. lama sel., kota jakarta selatan",ChIJMyzoc8PxaS4Rx4Pb25aRaVI,Alfamart,Kebayoran Lama Selatan,Kebayoran Lama,Kota Jakarta Selatan,7,51.71,0,1616.3822249213176,pasar mayestik,0,18,0.9059614693523622,25,0.3847
alfamart,4.4,17,-6.2284805,106.7855186,"jl. rawa simprug iii, rt.03, r no.kel, rt.3/rw.9, grogol sel., kota jakarta selatan",ChIJIYHBgDDxaS4RvycdmnfZeP4,Alfamart,Grogol Selatan,Kebayoran Lama,Kota Jakarta Selatan,1,48.71,1,1508.3512861934814,pasar mayestik,0,-1,0.0,-1,0.0206
alfamart,4.4,82,-6.233785,106.7573647,"jl. kostrad pusri kel no.42 rt 04/04, rt.4/rw.4, pela mampang, kota jakarta selatan",ChIJV5SblcTwaS4RFahjIV6xK_g,Alfamart,Pela Mampang,Mampang Prapatan,Kota Jakarta Selatan,8,11.5,1,479.97318624014054,pasar apoh,1,17,1.0,31,0.8147
alfamart,4.6,7,-6.2375671,106.7690621,"jl. ciledug raya kel no.99, rw.5, cipulir, kota jakarta selatan",ChIJW9fq8I3xaS4RxMcrn3PVoYk,Alfamart,Cipulir,Kebayoran Lama,Kota Jakarta Selatan,3,296.2,0,127.61183136401367,pasar sayur cipulir,1,17,0.7563084343420323,29,0.6874
alfamart,3.8,20,-6.241620699999999,106.7563085,"jl. m. saidi no. 37, rt. 004 / 001 kel, rt.7/rw.5, petukangan sel., kota jakarta selatan",ChIJHWXiNejwaS4ROduEiEdqDvs,Alfamart,Petukangan Selatan,Pesanggrahan,Kota Jakarta Selatan,5,45.4,1,581.8249111050534,pasar apoh,0,17,0.8733243563129967,-1,0.1903
alfamart,4.6,56,-6.250438,106.7817332,"jl. sultan iskandar muda no.72, rt.10/rw.2, kby. lama sel., kota jakarta selatan",ChIJP3zxrTPxaS4R58_AUM2UGGA,Alfamart,Kebayoran Lama Selatan,Kebayoran Lama,Kota Jakarta Selatan,10,95.65,0,1516.8343710973888,pasar mayestik,0,18,1.0,30,0.4559
alfamart,4.8,8,-6.2466634,106.7620832,"jl.ulujami raya no 86 rt 1/4 kel, rw.7, ulujami, kota jakarta selatan",ChIJiZF3MRHxaS4RMkLi-3sXAfI,Alfamart,Ulujami,Pesanggrahan,Kota Jakarta Selatan,1,169.83,0,816.3818873447624,pasar pesanggrahan,0,-1,0.0,-1,0.0206
alfamart,5.0,4,-6.2534671,106.7755935,"jl. bintaro raya no.21a, rt.11/rw.10, kby. lama sel., kota jakarta selatan",ChIJcydB66nxaS4RsYN_8dfR-hc,Alfamart,Kebayoran Lama Selatan,Kebayoran Lama,Kota Jakarta Selatan,4,31.06,1,2002.904347611415,pasar sayur cipulir,0,18,0.7359439176455811,-1,0.1559
alfamart,0.0,0,-6.2373959,106.7584582,"jl. ciledug raya kel no.2, rt.13/rw.002, petukangan utara, kota jakarta selatan",ChIJ-agkUa3xaS4RDzBJWhZ9pAQ,Alfamart,Petukangan Utara,Pesanggrahan,Kota Jakarta Selatan,7,122.9,0,122.68735017571197,pasar apoh,1,17,1.0,31,0.7941
alfamart,4.6,22,-6.236351,106.7872294,"jl. ophir kramat 2 pakubuwono, kel, rt.7/rw.1, gunung, kota jakarta selatan",ChIJvR3FTzzxaS4R3I33kymyg0w,Alfamart,Gunung,Kebayoran Baru,Kota Jakarta Selatan,0,504.36,0,668.8807965552899,pasar mayestik,0,-1,0.0,-1,0.0
alfamart,4.5,13,-6.246897499999999,106.7898721,"jl. gandaria 1 kel no.41, rt.2/rw.3, kramat pela, kota jakarta selatan",ChIJM-mfsy_xaS4RLeBYt92_-zA,Alfamart,Kramat Pela,Kebayoran Baru,Kota Jakarta Selatan,4,173.66,0,705.4127900442837,pasar mayestik,0,20,1.0,26,0.3324
alfamart,4.6,75,-6.2521128,106.783147,"jl. praja dalam k kel, rt.12/rw.2, kby. lama sel., kota jakarta selatan",ChIJFy0cH3DxaS4RqAsb1UlHVzU,Alfamart,Kebayoran Lama Selatan,Kebayoran Lama,Kota Jakarta Selatan,7,174.32,0,1558.437785512211,pasar mayestik,0,18,1.0,30,0.3941
sumber alfaria trijaya. pt (alfamart),0.0,0,-6.2351522,106.7576759,"mampang prpt. jl. kostrad pusri no.42, rt.5/rw.4, petukangan utara, kota jakarta selatan",ChIJTfcbXMPwaS4RUTsckpjrLio,Alfamart,Petukangan Utara,Pesanggrahan,Kota Jakarta Selatan,9,143.79,0,334.80130213452384,pasar apoh,1,17,1.0,31,0.8353
alfamart,4.3,83,-6.2262738,106.7574297,"jl. palem v no.29a, rt.3/rw.008 kel, petukangan utara, kota jakarta selatan",ChIJbZxuR87waS4RypdX0qDk-Ss,Alfamart,Petukangan Utara,Pesanggrahan,Kota Jakarta Selatan,5,2.65,1,287.31905052583426,pasar alfa indah,1,17,0.8023238742148047,-1,0.5832
alfamart,4.1,52,-6.2382658,106.7723374,"jl. raya ciledug, rt. 5/4 kel, rt.6/rw.11, cipulir, kota jakarta selatan",ChIJa3p8yiXxaS4RfugjuGiw9us,Alfamart,Cipulir,Kebayoran Lama,Kota Jakarta Selatan,4,69.29,0,496.0562672374294,pasar sayur cipulir,1,17,0.7563084343420323,29,0.708
alfamart,4.2,123,-6.2547162,106.7836782,"jl.darma putra raya rt 1/7 kel, rt.1/rw.7, kby. lama sel., kota jakarta selatan",ChIJuayCtgjxaS4RBl05CpaSF3Q,Alfamart,Kebayoran Lama Selatan,Kebayoran Lama,Kota Jakarta Selatan,7,275.64,0,1772.520365895232,pasar mayestik,0,18,0.9167780321705701,30,0.3858
alfamart,4.4,217,-6.2495325,106.7836804,"jl. praja dalam k kel, rt.4/rw.12, kby. lama sel., kota jakarta selatan",ChIJd2c5ZS3xaS4R0Hfe_IqDLp0,Alfamart,Kebayoran Lama Selatan,Kebayoran Lama,Kota Jakarta Selatan,7,118.6,0,1296.5750619569983,pasar mayestik,0,18,1.0,30,0.3941
alfamart,4.1,9,-6.2452254,106.7725276,"jl. peninggaran raya no.kel, rt.8/rw.11, kby. lama utara, kota jakarta selatan",ChIJkUx2wx3xaS4RC4O553KPlfM,Alfamart,Kebayoran Lama Utara,Kebayoran Lama,Kota Jakarta Selatan,3,91.9,0,1031.611358793521,pasar sayur cipulir,0,-1,0.0,-1,0.0618
alfamart express stasiun kebayoran lama,3.6,5,-6.2374573,106.7825889,"jl. st. no.7a, rt.2/rw.1, south, kota jakarta selatan",ChIJ8-2f5VzxaS4RuUIzcDEbZJ8,Alfamart,south,Kebayoran Lama,Kota Jakarta Selatan,3,32.85,1,1037.2971341368573,pasar mayestik,0,7,1.0,27,0.3118
alfamart,4.1,61,-6.2333072,106.7605881,"jl. swadarma raya kel no.24, rt.18/rw.8, ulujami, kota jakarta selatan",ChIJiThZFNvwaS4RTbh3WkNuQRc,Alfamart,Ulujami,Pesanggrahan,Kota Jakarta Selatan,6,1.1,1,480.6495257782279,pasar apoh,1,17,1.0,-1,0.6235
alfamart,4.4,228,-6.2498001,106.7567651,"jl. merpati raya no.1, rt.3/rw.6, pesanggrahan, kota jakarta selatan",ChIJfTNH2u_waS4RfAA7VP4nhgA,Alfamart,Pesanggrahan,Pesanggrahan,Kota Jakarta Selatan,1,310.75,0,219.5268906780363,pasar pesanggrahan,1,-1,0.0,-1,0.4206
mitra ukm alfamart,0.0,0,-6.2516093,106.7831185,"jl. praja dalam f no.11, rt.11/rw.2, south kebayoran lama, kota jakarta selatan",ChIJGU1_dw_xaS4RKV_Wngx69Ic,Alfamart,South Kebayoran Lama,Kebayoran Lama,Kota Jakarta Selatan,8,120.84,0,1515.2246398957097,pasar mayestik,0,18,1.0,30,0.4147
alfamart,4.1,78,-6.2276746,106.7604631,"jl. swadarma raya kel no.9, rt.9/rw.8, ulujami, kota jakarta selatan",ChIJUXhI3AzxaS4RwEQ8G0z8fnE,Alfamart,Ulujami,Pesanggrahan,Kota Jakarta Selatan,3,83.32,0,640.346345182566,pasar alfa indah,0,-1,0.0,-1,0.0618
alfamart kostrad darma putra,4.5,103,-6.2546937,106.7837214,"jl. darma putra raya no.44, rt.1/rw.7, kby. lama sel., kota jakarta selatan",ChIJC8pc2WXxaS4RarJ-FhWCz1c,Alfamart,Kebayoran Lama Selatan,Kebayoran Lama,Kota Jakarta Selatan,7,277.28,0,1768.0359374199907,pasar mayestik,0,18,0.9209322624329407,30,0.3862
alfamart,4.3,153,-6.2553617,106.790579,"jl. radio dalam raya i no.kel, rt.3/rw.8, gandaria utara, kota jakarta selatan",ChIJJ1zO0dPxaS4RjfHBVEeJ5eE,Alfamart,Gandaria Utara,Kebayoran Baru,Kota Jakarta Selatan,4,75.41,0,1629.1106441573847,pasar mayestik,0,20,0.893551765553531,-1,0.1717
alfamart ulujami perdatam 2,4.4,278,-6.241565200000001,106.763046,"jl. ulujami raya no.37, rt.11/rw.5, ulujami, kota jakarta selatan",ChIJxVlcmuXxaS4RuKkkG0FzqEg,Alfamart,Ulujami,Pesanggrahan,Kota Jakarta Selatan,2,54.9,0,593.1464257413123,pasar apoh,0,-1,0.0,-1,0.0412
alfamart,4.1,13,-6.2562549,106.7620386,"jl. bintaro permai no.03b, rt.5/rw.2, pesanggrahan, kota jakarta selatan",ChIJd_TogY_xaS4Rr4fIDW9btxc,Alfamart,Pesanggrahan,Pesanggrahan,Kota Jakarta Selatan,2,254.84,0,765.4885051649374,pasar pesanggrahan,0,-1,0.0,-1,0.0412
alfamart kyai maja,4.5,454,-6.2415428,106.793223,"10, jl. kyai maja no.37, rt.10/rw.7, kramat pela, kota jakarta selatan",ChIJ3XNl2RTxaS4R5Bv0sufWonw,Alfamart,Kramat Pela,Kebayoran Baru,Kota Jakarta Selatan,2,198.73,0,223.1886271715349,pasar mayestik,1,-1,0.0,-1,0.4412
alfamart,4.4,26,-6.257043599999999,106.7772368,"jl. raya ciputat no.3 b rt.003 kel, rt.3/rw.10, kby. lama sel., kota jakarta selatan",ChIJGWL41wbxaS4R-IwO3XiRIaU,Alfamart,Kebayoran Lama Selatan,Kebayoran Lama,Kota Jakarta Selatan,3,170.81,0,2335.7493815465314,pasar pesanggrahan,0,-1,0.0,-1,0.0618
alfamart,3.3,23,-6.2136295,106.7798298,"jl. raya kby. lama kel no.6, rt.3/rw.1, grogol utara, kota jakarta selatan",ChIJd2BjRnf3aS4RNuD_v9JPHBk,Alfamart,Grogol Utara,Kebayoran Lama,Kota Jakarta Selatan,0,512.2,0,2307.80046787489,pasar cidodol,0,-1,0.0,-1,0.0
alfamart,4.1,56,-6.207507300000001,106.7834121,"jl.kebayoran lama no.21 rt 4/3 kel, jl. raya kby. lama no.2a, rt.4/rw.3, grogol utara, kota jakarta selatan",ChIJlWLFJcX2aS4R6fFLh-CWsAs,Alfamart,Grogol Utara,Kebayoran Lama,Kota Jakarta Selatan,1,153.88,0,3086.204407088715,pasar cidodol,0,-1,0.0,-1,0.0206
alfamart,4.0,33,-6.2187475,106.7937508,"jl. patal senayan, no. 01, blok f, kav. 197, rt.3/rw.007 kel, grogol utara, kota jakarta selatan",ChIJl4LWWzXxaS4R68Ts7gLQtmg,Alfamart,Grogol Utara,Kebayoran Lama,Kota Jakarta Selatan,2,192.73,0,2458.6468775248154,pasar mayestik,0,-1,0.0,-1,0.0412
alfamart fatmawati 4,3.7,24,-6.2799761,106.79663,"jl. rs. fatmawati raya no.4, rt.3/rw.10, cilandak bar., kota jakarta selatan",ChIJY8eo0erxaS4R661fqNiVJsw,Alfamart,Cilandak Barat,Cilandak,Kota Jakarta Selatan,5,155.06,0,769.9216561802948,pasar mede pd pasar jaya,0,19,1.0,19,0.3529
alfamart,4.6,5,-6.2600554,106.796534,"jl. fatmawati raya no.kel, rt.4/rw.6, cilandak bar., kota jakarta selatan",ChIJXTKX4rjxaS4RKHvkQIrJHpY,Alfamart,Cilandak Barat,Kebayoran Baru,Kota Jakarta Selatan,4,59.63,0,2223.0041499981835,pasar mayestik,0,21,0.6351834121826689,23,0.2959
alfamart,0.0,0,-6.292159799999999,106.7715761,"pq5c+4jm, rt.4/rw.2, lebak bulus, kota jakarta selatan",ChIJe_KhtJXxaS4Ro2d18maz9HI,Alfamart,Lebak Bulus,Cilandak,Kota Jakarta Selatan,1,766.57,0,2687.811580289074,pasar mede pd pasar jaya,0,-1,0.0,-1,0.0206
alfamart,4.6,16,-6.267619600000001,106.7970639,"jl. rs. fatmawati raya kel no.17 rt 002/002, rt.2/rw.2, gandaria sel., kota jakarta selatan",ChIJG1OrTJjxaS4Rh-es9t_IY2w,Alfamart,Gandaria Selatan,Cilandak,Kota Jakarta Selatan,11,65.23,0,1705.628849339375,pasar cipete selatan,0,21,1.0,18,0.4765
alfamart,4.2,48,-6.277399399999999,106.7765074,"jl. bukit hijau i no.kel, rt.1/rw.13, pd. pinang, kota jakarta selatan",ChIJhyWzK7TxaS4RGL9d7agofZc,Alfamart,Pondok Pinang,Kebayoran Lama,Kota Jakarta Selatan,6,3.35,1,2321.9914498908033,pasar mede pd pasar jaya,0,8,1.0,-1,0.2235
alfamart raya radio dalam,0.0,0,-6.2623865,106.7887372,"jl. radio dalam raya no.14d, rt.7/rw.10, gandaria utara, kota jakarta selatan",ChIJJ5iWv67xaS4RNxDBDbF5rJs,Alfamart,Gandaria Utara,Kebayoran Baru,Kota Jakarta Selatan,2,35.81,1,2425.450806802295,pasar mayestik,0,-1,0.0,-1,0.0412
alfamart mangga raya,4.6,45,-6.2706697,106.7969812,"rt.1/rw.4, gandaria sel., kota jakarta selatan",ChIJjRUYeR_xaS4RGqLMHkq13co,Alfamart,Gandaria Selatan,Cilandak,Kota Jakarta Selatan,7,136.5,0,1493.9901151990025,pasar cipete selatan,0,21,0.8182534519930186,18,0.3759
alfamart pos fatmawati(1m1f),0.0,0,-6.2943276,106.7947017,"jl. rs. fatmawati raya no.10, rt.2/rw.4, cilandak bar., kota jakarta selatan",ChIJ07uYzrfxaS4RVVcyUC4vxQI,Alfamart,Cilandak Barat,Cilandak,Kota Jakarta Selatan,7,37.91,1,842.8903847701674,pasar mede pd pasar jaya,0,16,1.0,21,0.3941
alfamart,4.1,12,-6.266555299999999,106.774843,"jl. ciputat raya kel no.101, rw.4, pd. pinang, kota jakarta selatan",ChIJS00uRKzxaS4RfR-cjilSvTE,Alfamart,Pondok Pinang,Kebayoran Lama,Kota Jakarta Selatan,6,110.69,0,2585.9560753872174,pasar pesanggrahan,0,8,1.0,22,0.3735
alfamart,4.5,194,-6.274661099999999,106.7633277,"jl. rc veteran i rt 004, rt.4/rw.7, bintaro, kota jakarta selatan",ChIJT3CjyLrxaS4R7JM0n40maFA,Alfamart,Bintaro,Pesanggrahan,Kota Jakarta Selatan,3,209.7,0,2645.783409712045,pasar pesanggrahan,0,4,1.0,-1,0.1618
alfamart,4.1,68,-6.259331,106.789079,"jl. radio dalam raya kel no.86, rt.5/rw.14, gandaria utara, kota jakarta selatan",ChIJ4x6Kt6DxaS4RTzwpsJlYZ8Q,Alfamart,Gandaria Utara,Kebayoran Baru,Kota Jakarta Selatan,5,377.38,0,2083.619311870049,pasar mayestik,0,20,0.9632515706235664,-1,0.1993
alfamart,4.4,96,-6.2609176,106.7672296,"jl. rc. veteran raya no.8, rt.10/rw.10, bintaro, kota jakarta selatan",ChIJAcbTg1XwaS4RG9XNozvVjE4,Alfamart,Bintaro,Pesanggrahan,Kota Jakarta Selatan,7,4.75,1,1538.6790786832614,pasar pesanggrahan,0,8,1.0,-1,0.2441
alfamart,4.2,20,-6.275189699999999,106.7734774,"7, jl. ciputat raya no.kel, rw.6, pd. pinang, kota jakarta selatan",ChIJV87Df7PxaS4R7l-FQ1i9YTc,Alfamart,Pondok Pinang,Kebayoran Lama,Kota Jakarta Selatan,4,287.46,0,2732.417069106082,pasar mede pd pasar jaya,0,8,1.0,-1,0.1824
alfamart,3.8,23,-6.282293699999999,106.7923652,"jl. terogong raya no.kel, rt.9/rw.10, cilandak bar., kota jakarta selatan",ChIJh6MqthnxaS4RX-VZKA02g-s,Alfamart,Cilandak Barat,Cilandak,Kota Jakarta Selatan,3,84.56,0,592.966442689824,pasar mede pd pasar jaya,0,19,0.9507864160475955,-1,0.1568
alfamart,0.0,0,-6.2644372,106.7750567,"jl. ciputat raya no.25a, rt.6/rw.1, pd. pinang, kota jakarta selatan",ChIJNZ_TjKvxaS4RSpGgi-UQMHE,Alfamart,Pondok Pinang,Kebayoran Lama,Kota Jakarta Selatan,4,69.7,0,2462.3833967104333,pasar pesanggrahan,0,8,1.0,22,0.3324
alfamart,4.3,107,-6.265090300000001,106.7661347,"jl. rc. veteran raya no.3, rt.9/rw.1, bintaro, kota jakarta selatan",ChIJfQbLC1TwaS4R2VS9ArUGtyk,Alfamart,Bintaro,Pesanggrahan,Kota Jakarta Selatan,6,65.49,0,1805.9243459085296,pasar pesanggrahan,0,8,1.0,24,0.3735
alfamart,0.0,0,-6.2904353,106.7954148,"jl. rs. fatmawati raya kel no.33, rt. 01/09, rt.1/rw.9, cilandak bar., kota jakarta selatan",ChIJTYWeG7_xaS4RP-aI5kJQ4Rw,Alfamart,Cilandak Barat,Cilandak,Kota Jakarta Selatan,6,85.95,0,407.9049321843446,pasar mede pd pasar jaya,1,16,1.0,21,0.7735
alfamart,4.3,76,-6.267047499999999,106.792991,"jl. madrasah kel no.48, rt.8/rw.1, gandaria sel., kota jakarta selatan",ChIJ-xBaWJ_xaS4RSieZKuw5ftg,Alfamart,Gandaria Selatan,Cilandak,Kota Jakarta Selatan,5,180.17,0,2087.9096139874,pasar cipete selatan,0,21,0.602822311894924,-1,0.1632
alfamart,5.0,1,-6.2829676,106.7717234,"jl. ciputat raya, jl. pupan kel no.1, rw.8, pd. pinang, kota jakarta selatan",ChIJUSEHg7TxaS4RsI5kfN_QGzs,Alfamart,Pondok Pinang,Kebayoran Lama,Kota Jakarta Selatan,2,22.26,1,2637.9587628791774,pasar mede pd pasar jaya,0,-1,0.0,-1,0.0412
alfamart pondok indah 1,4.3,7,-6.2874722,106.7768054,"jl. bukit hijau i no.12, rt.012/rw.13, pd. pinang, kota jakarta selatan",ChIJQUQy07XxaS4RjrvEhegdQm8,Alfamart,Pondok Pinang,Kebayoran Lama,Kota Jakarta Selatan,3,299.91,0,2043.6565696698121,pasar mede pd pasar jaya,0,8,0.864520734933026,-1,0.1482
alfamart ciputat raya 5,4.6,262,-6.2644227,106.7750253,"jl. ciputat raya no.23, rw.1, pd. pinang, kota jakarta selatan",ChIJwYPXjKvxaS4RnddDvAVPi-E,Alfamart,Pondok Pinang,Kebayoran Lama,Kota Jakarta Selatan,4,67.87,0,2458.6142458163386,pasar pesanggrahan,0,8,1.0,22,0.3324
alfamart,3.9,10,-6.2633835,106.7634433,"jl. depsos raya no.20, rt.7/rw.9, bintaro, kota jakarta selatan",ChIJ6_849HLxaS4RGmSP-2LIumQ,Alfamart,Bintaro,Pesanggrahan,Kota Jakarta Selatan,5,36.91,1,1486.1718122426591,pasar pesanggrahan,0,8,1.0,-1,0.2029
alfamart,4.5,287,-6.258382699999999,106.7680629,"jl. rc. veteran raya no.17h, rt.4/rw.4, bintaro, kota jakarta selatan",ChIJ19nrzXjxaS4R0lQ2di-0Tl4,Alfamart,Bintaro,Pesanggrahan,Kota Jakarta Selatan,4,87.03,0,1447.4401690164373,pasar pesanggrahan,0,8,1.0,-1,0.1824
alfamart,3.8,22,-6.2844107,106.7809859,"pondok pinang, kota jakarta selatan",ChIJERDDt8jxaS4RaCqImp2dRvo,Alfamart,Pondok Pinang,Kebayoran Lama,Kota Jakarta Selatan,3,16.84,1,1601.7281616949663,pasar mede pd pasar jaya,0,8,0.864520734933026,20,0.2982
alfamart,4.6,5,-6.2962773,106.7897248,"jl. lebak bulus 1 rt 3/4 kel, rt.3/rw.4, cilandak bar., kota jakarta selatan",ChIJCx-hv97xaS4R-d86cMw_-Vs,Alfamart,Cilandak Barat,Cilandak,Kota Jakarta Selatan,3,54.31,0,1222.714950659116,pasar mede pd pasar jaya,0,16,0.7731469069701596,-1,0.1391
alfamart ciputat raya 2,4.3,88,-6.275048399999999,106.7735843,"pqff+xcp, rt.7/rw.6, pondok pinang, kota jakarta selatan",ChIJ0-P2f7PxaS4Rcf73HyrOepA,Alfamart,Pondok Pinang,Kebayoran Lama,Kota Jakarta Selatan,5,305.63,0,2729.469059472057,pasar mede pd pasar jaya,0,8,1.0,-1,0.2029
pt. sumber alfaria trijaya (alfamart),0.0,0,-6.2756386,106.762513,"jl. rc. veteran raya no.16, rt.3/rw.1, bintaro, kota jakarta selatan",ChIJ6w2CLUnwaS4RyI1aYbJcdTg,Alfamart,Bintaro,Pesanggrahan,Kota Jakarta Selatan,2,75.28,0,2728.1848043353866,pasar pesanggrahan,0,4,1.0,-1,0.1412
alfamart,4.0,20,-6.258272300000001,106.7839248,"jl. tanah kusir ii no.65, rt.3/rw.011 kel, kby. lama sel., kota jakarta selatan",ChIJEzQd4evxaS4RbvtHCITy4Jw,Alfamart,Kebayoran Lama Selatan,Kebayoran Lama,Kota Jakarta Selatan,3,126.63,0,2117.1348444081514,pasar mayestik,0,-1,0.0,30,0.2118
alfamart ciputat,5.0,2,-6.2799786,106.7724433,"jl. ciputat raya no.21, rt.1/rw.7, pd. pinang, kota jakarta selatan",ChIJVXFUeUHxaS4RWn11bqNkU6A,Alfamart,Pondok Pinang,Kebayoran Lama,Kota Jakarta Selatan,3,257.41,0,2634.822104030233,pasar mede pd pasar jaya,0,8,0.9897417152376221,-1,0.1607
alfamart kesehatan raya dekat sari indah,0.0,0,-6.2706111,106.7594005,"circle k kesehatan, jl. kesehatan raya jl. rw. papan, rt.3/rw.6, bintaro, kota jakarta selatan",ChIJi1XDcvTxaS4RTcqRw8n3ytE,Alfamart,Bintaro,Pesanggrahan,Kota Jakarta Selatan,3,173.52,0,2114.4808050337183,pasar pesanggrahan,0,4,1.0,-1,0.1618
alfamart kesehatan bintaro,4.5,359,-6.270978599999999,106.7638361,"jl. kesehatan raya, rt.1/rw.11, bintaro, kota jakarta selatan",ChIJJ1GSGk7waS4RaM29vu-XutM,Alfamart,Bintaro,Pesanggrahan,Kota Jakarta Selatan,2,613.3,0,2273.3630620711588,pasar pesanggrahan,0,4,1.0,-1,0.1412
di depan alfamart,5.0,1,-6.2665447,106.7971267,"jl. rs. fatmawati raya no.33, rw.2, gandaria sel., kota jakarta selatan",ChIJaX-B5jjxaS4RJ2YNF7-2yC0,Alfamart,Gandaria Selatan,Cilandak,Kota Jakarta Selatan,12,46.97,1,1787.0925212440786,pasar cipete selatan,0,21,1.0,18,0.4971
alfamart muhasyim,4.5,38,-6.287512299999999,106.7906552,"jl. kh muhasim raya no.9, rw.6, cilandak bar., kota jakarta selatan",ChIJ7TD6i8HxaS4R7XtoeIg2qwc,Alfamart,Cilandak Barat,Cilandak,Kota Jakarta Selatan,1,81.85,0,518.0248133931573,pasar mede pd pasar jaya,0,-1,0.0,-1,0.0206
alfamart,4.0,6,-6.247622199999999,106.7950681,"jl. barito ii no.kel, rt.8/rw.5, kramat pela, kota jakarta selatan",ChIJ6fv_N23xaS4R8O7J0wDiRO4,Alfamart,Kramat Pela,Kebayoran Baru,Kota Jakarta Selatan,5,281.44,0,868.0598914421229,pasar mayestik,0,20,1.0,-1,0.2029
alfamart yado 3,4.0,4,-6.255731399999999,106.790674,"rt.2/rw.8, gandaria utara, kota jakarta selatan",ChIJqza5lwvxaS4RLUPjdPF0cVI,Alfamart,Gandaria Utara,Kebayoran Baru,Kota Jakarta Selatan,4,72.21,0,1669.6399801736036,pasar mayestik,0,20,0.9632515706235664,-1,0.1787
alfamart,4.5,264,-6.2506507,106.793953,"jl. petogogan i, rt. 003/011 kel, rt.1/rw.1, petogogan, kota jakarta selatan",ChIJT0UQ-xzxaS4Rbkmahws1Wiw,Alfamart,Petogogan,Kebayoran Baru,Kota Jakarta Selatan,7,45.66,1,1139.083567318409,pasar mayestik,0,20,0.9580815927686472,-1,0.2399
alfamart petogogan raya,4.6,96,-6.254885799999999,106.796434,"jl. petogogan ii no.15a-b, jl. petogogan ii, rt.8/rw.6, pulo, kota jakarta selatan",ChIJs-iJX73xaS4RJlH2mmqlobE,Alfamart,Pulo,Kebayoran Baru,Kota Jakarta Selatan,5,73.12,0,1670.1720518341372,pasar mayestik,0,21,0.6351834121826689,23,0.3165
alfa midi,4.5,174,-6.2468046,106.7948782,"qq3v+7xc, jl. barito ii, rt.8/rw.5, kramat pela, kota jakarta selatan",ChIJAS87L23xaS4RE2RaGQ6kKq4,Alfamart,Kramat Pela,Kebayoran Baru,Kota Jakarta Selatan,5,317.98,0,778.3297148303818,pasar mayestik,0,20,1.0,-1,0.2029
alfamart,4.2,17,-6.2542811,106.8012815,"jl. darmawangsa vi no.45, rt, rt.5/rw.1, pulo, kota jakarta selatan",ChIJubtXt3bxaS4RG8SDqsnSF-U,Alfamart,Pulo,Kebayoran Baru,Kota Jakarta Selatan,4,242.22,0,1862.4191450567255,pasar mayestik,0,21,0.6351834121826689,23,0.2959
alfamart,4.5,24,-6.259575099999999,106.8022096,"jl. damai v rt. 01 kel, rt.2/rw.8, cipete utara, kota jakarta selatan",ChIJ-zEskJ3xaS4R_EqzP6LK7NA,Alfamart,Cipete Utara,Kebayoran Baru,Kota Jakarta Selatan,2,249.3,0,2191.516413569647,pasar cipete selatan,0,-1,0.0,-1,0.0412
alfamart,3.3,3,-6.2657246,106.7998702,"jl. abdul majid raya kel no.6a, rt.11/rw.2, cipete utara, kota jakarta selatan",ChIJw8JIYpnxaS4Rk_cRQR3bxvY,Alfamart,Cipete Utara,Kebayoran Baru,Kota Jakarta Selatan,10,213.76,0,1674.5857333206754,pasar cipete selatan,0,21,1.0,18,0.4559
alfamart,4.1,21,-6.274270899999999,106.7549809,"jl. bintaro permai raya no.14 rt 4/3, rt.11/rw.11, bintaro, kota jakarta selatan",ChIJxRzCGnjxaS4RHQMj-rsrhgg,Alfamart,Bintaro,Pesanggrahan,Kota Jakarta Selatan,3,324.24,0,2509.4112870345034,pasar pesanggrahan,0,4,1.0,-1,0.1618
alfamart,0.0,0,-6.269869099999999,106.7545909,"jl. mura raya no.7, rt.14/rw.8, bintaro, kota jakarta selatan",ChIJy7Tf1pvxaS4RaY5OqcLjQBI,Alfamart,Bintaro,Pesanggrahan,Kota Jakarta Selatan,4,350.3,0,2026.5616968742331,pasar pesanggrahan,0,4,1.0,-1,0.1824
alfamart,4.6,27,-6.245343399999999,106.8012186,"jl. melawai ( blok m mall kel, rt.3/rw.1, melawai, kota jakarta selatan",ChIJgYNzkW7xaS4RAyBciUPKZRg,Alfamart,Melawai,Kebayoran Baru,Kota Jakarta Selatan,8,16.59,1,1202.7461371690106,pasar mayestik,0,20,1.0,28,0.4147
alfamart faletehan,4.3,32,-6.2417419,106.8016892,"jl. falatehan i no.30, rt.2/rw.1, melawai, kota jakarta selatan",ChIJM7mhkrDxaS4RCbsQa_-sjAw,Alfamart,Melawai,Kebayoran Baru,Kota Jakarta Selatan,8,104.09,0,1145.5141302214186,pasar mayestik,0,20,1.0,28,0.4147
alfamart,4.4,52,-6.2392731,106.8100952,"jl. wolter monginsidi kel no.46, rt.1/rw.6, petogogan, kota jakarta selatan",ChIJ-TaTa2fxaS4R6RNGaVrMT6k,Alfamart,Petogogan,Kebayoran Baru,Kota Jakarta Selatan,3,68.32,0,345.70677322967583,pasar santa,1,-1,0.0,17,0.6118
alfamart,0.0,0,-6.240064299999999,106.8042097,"pt pln (persero) kantor pusat, jl. trunojoyo no.kel, rt.6/rw.2, melawai, kota jakarta selatan",ChIJp0jKnE_xaS4ReNrwgJLzaRU,Alfamart,Melawai,Kebayoran Baru,Kota Jakarta Selatan,3,351.95,0,992.3204705845212,pasar santa,0,-1,0.0,28,0.2118
alfamart,2.6,5,-6.216807999999999,106.8179903,"jl. jenderal sudirman kel no.kav. 45-46, rt.3/rw.4, setia budi, kota jakarta selatan",ChIJM7-EqKr2aS4Rv5IqHeB_HY0,Alfamart,Setia Budi,Setiabudi,Kota Jakarta Selatan,4,207.12,0,945.7858790673397,pasar karbela,0,24,0.8700954554479563,12,0.3194
alfamart koppeg pt pln,3.9,12,-6.2407841,106.8035925,"jl. trunojoyo no.135, rt.6/rw.2, melawai, kota jakarta selatan",ChIJgZrvVmjxaS4R-CmjwHJTv-o,Alfamart,Melawai,Kebayoran Baru,Kota Jakarta Selatan,4,246.83,0,1079.1455171042992,pasar santa,0,20,0.9082819503488149,28,0.3232
alfamart,3.0,2,-6.236459,106.8006485,"jl. iskandarsyah raya kel no.35, rt.2/rw.1, melawai, kota jakarta selatan",ChIJsaRf3yPxaS4R4cFCV3ZPdak,Alfamart,Melawai,Kebayoran Baru,Kota Jakarta Selatan,0,696.06,0,1129.751355418133,pasar mayestik,0,-1,0.0,-1,0.0
sumber alfaria trijaya. pt (alfamart),5.0,4,-6.2670737,106.8019836,"jl. abdul majid raya no.33, rt.11/rw.7, cipete utara, kota jakarta selatan",ChIJu_W4zZvxaS4R-LlOuR9RWhE,Alfamart,Cipete Utara,Cilandak,Kota Jakarta Selatan,5,468.32,0,1427.1637010140616,pasar cipete selatan,0,-1,0.0,18,0.2529
alfamart,3.8,16,-6.2776194,106.801396,"jl. cipete raya no.6, rt.6/rw.3 kel, cipete sel., kota jakarta selatan",ChIJvyXGa5PxaS4RGwSTqw4eyNI,Alfamart,Cipete Selatan,Cilandak,Kota Jakarta Selatan,2,381.41,0,737.9750831962415,pasar cipete selatan,0,19,1.0,-1,0.1412
alfamart,3.9,8,-6.2856815,106.8292432,"jl. jati murni kel, rt.2/rw.7, jati padang, kota jakarta selatan",ChIJX8wPvV_zaS4Ruq74v4FNBtI,Alfamart,Jati Padang,Pasar Minggu,Kota Jakarta Selatan,2,98.38,0,1262.727598749458,pasar minggu,0,0,1.0,-1,0.1412
alfamart kaplongan,0.0,0,-6.2895993,106.8399531,"blok pasar minggu rt 06/02, kaplongan",ChIJWXRO9N7zaS4REwUM9xF11QI,Alfamart,kaplongan,Pasar Minggu,Kota Jakarta Selatan,2,296.36,0,1.6077752928052451,pasar minggu,1,-1,0.0,-1,0.4412
alfamart,4.2,157,-6.2891661,106.8244073,"jl. taman margasatwa raya kel no.10, rt.6/rw.1, ragunan, kota jakarta selatan",ChIJVZzZrgTyaS4RYhrqRJPSDok,Alfamart,Ragunan,Pasar Minggu,Kota Jakarta Selatan,2,22.32,1,1719.939238663461,pasar minggu,0,0,1.0,-1,0.1412
alfamart,4.2,58,-6.289572,106.8126228,"jl. jeruk purut kel no.9 1/3, rt.1/rw.3, cilandak tim., kota jakarta selatan",ChIJf1MDyO3xaS4ReY13GALEP7U,Alfamart,Cilandak Timur,Pasar Minggu,Kota Jakarta Selatan,2,180.75,0,1340.4458320977567,pasar cipete selatan,0,-1,0.0,-1,0.0412
alfamart,0.0,0,-6.2929597,106.803038,"sovereign plaza, gedung, jl. tb simatupang kel no.kav.36, rt.2/rw.2, west cilandak, kota jakarta selatan",ChIJqZkyc27xaS4R5CzWGNuI-sc,Alfamart,Cilandak Barat,Cilandak,Kota Jakarta Selatan,1,481.98,0,1099.3870853104845,pasar mede pd pasar jaya,0,-1,0.0,-1,0.0206
alfamart,4.3,125,-6.2927034,106.8100407,"jl. tb simatupang kel no.31, rt.2/rw.1, cilandak tim., kota jakarta selatan",ChIJny3gdfzxaS4RUrQCDUZDSHE,Alfamart,Cilandak Timur,Pasar Minggu,Kota Jakarta Selatan,2,364.23,0,1604.1061429242977,pasar cipete selatan,0,0,1.0,-1,0.1412
alfamart,4.4,172,-6.310429000000001,106.8373362,"jl. raya lenteng agung no.9 rt, rt.4/rw.1, lenteng agung, kota jakarta selatan",ChIJI4ismJftaS4RG7BjJdb_aTE,Alfamart,Lenteng Agung,Jagakarsa,Kota Jakarta Selatan,7,214.14,0,2107.588095715613,pasar kambing swadaya iii,0,12,0.9787477002507196,35,0.392
alfamart lenteng agung 5,3.0,4,-6.3163063,106.8361512,"jl. raya lenteng agung no.22, rt.5/rw.1, lenteng agung, kota jakarta selatan",ChIJDQ0fsc7taS4R3NlvyB-kvR0,Alfamart,Lenteng Agung,Jagakarsa,Kota Jakarta Selatan,0,557.06,0,1453.9535143083897,pasar kambing swadaya iii,0,-1,0.0,-1,0.0
alfamart,5.0,1,-6.3077549,106.8388917,"stasiun tanjung barat kel, rt.4/rw.1, srengseng sawah, kota jakarta selatan",ChIJAdADu4rtaS4RvCWKME2nOFc,Alfamart,Srengseng Sawah,Jagakarsa,Kota Jakarta Selatan,9,114.48,0,2021.0348659571732,pasar minggu,0,12,0.9787477002507196,35,0.4332
alfamart,4.3,4,-6.3001102,106.8147245,"jl. raya cilandak kko kel no.9, rt.1/rw.8, ragunan, kota jakarta selatan",ChIJozpfomPvaS4RLUTcDjCMduQ,Alfamart,Ragunan,Pasar Minggu,Kota Jakarta Selatan,2,353.77,0,2523.263923002269,pasar cipete selatan,0,-1,0.0,-1,0.0412
alfamart,2.8,15,-6.3022797,106.8264828,"jl. kebagusan raya kel, rt.8/rw.7, kebagusan, kota jakarta selatan",ChIJ6zo-yIjtaS4R1-aDHKJFY0E,Alfamart,Kebagusan,Pasar Minggu,Kota Jakarta Selatan,1,130.78,0,2050.397562553137,pasar minggu,0,-1,0.0,-1,0.0206
alfamart,0.0,0,-6.3071224,106.8350381,"apart kebagusan city unit 1-ka kel, rt.1/rw.3, kebagusan, kota jakarta selatan",ChIJgfNO4B7taS4R-UWce8QYzk8,Alfamart,Kebagusan,Pasar Minggu,Kota Jakarta Selatan,5,100.19,0,2021.863405586056,pasar minggu,0,12,0.9787477002507196,35,0.3508
alfamart cilandak kko 2,3.7,6,-6.302779399999999,106.8144748,"jl. raya cilandak kko no.1 c, rt.1/rw.8, ragunan, kota jakarta selatan",ChIJ8VidGwHuaS4RJsdTuMOoQrA,Alfamart,Ragunan,Pasar Minggu,Kota Jakarta Selatan,1,650.57,0,2519.9341425091857,pasar pondok labu,0,0,0.9988134993333636,-1,0.1205
alfamart,4.4,68,-6.316942099999999,106.8251017,"jl. kebagusan raya kel, rt.2/rw.4, kebagusan, kota jakarta selatan",ChIJ5ecsNQftaS4R2Gym8QnVXUk,Alfamart,Kebagusan,Pasar Minggu,Kota Jakarta Selatan,4,113.33,0,1822.2274590267425,pasar lenteng agung,0,1,0.9074911949176301,-1,0.1731
alfamart,4.3,59,-6.313207200000001,106.8032178,"jl. margasatwa raya no 14a-c, kel, rt.1/rw.3, pd. labu, kota jakarta selatan",ChIJCz-ABPPvaS4RvH3YwYy3D3U,Alfamart,Pondok Labu,Cilandak,Kota Jakarta Selatan,3,262.68,0,1051.0874134734336,pasar pondok labu,0,6,0.6495643296550987,-1,0.1267
alfamart,3.7,15,-6.312712599999999,106.8257501,"jl. raya jatipadang kel no.16, rt.7/rw.5, kebagusan, kota jakarta selatan",ChIJ-86bRuTtaS4Roa7AGvYD-sg,Alfamart,Kebagusan,Pasar Minggu,Kota Jakarta Selatan,2,129.67,0,2211.206372051105,pasar kambing swadaya iii,0,-1,0.0,-1,0.0412
alfamart,4.1,115,-6.312118,106.838574,"jl.tanjung barat sltn rt 1/2, kel, rt.1/rw.2, tj. bar., kota jakarta selatan",ChIJO7r69eztaS4R6-qTHsW9FZo,Alfamart,Tanjung Barat,Jagakarsa,Kota Jakarta Selatan,4,22.89,1,1929.9513589504425,pasar kambing swadaya iii,0,12,0.8792428663967458,35,0.3203
alfamart - kebagusan city,4.2,17,-6.307295,106.8351857,"apartemen kebagusan city tower a, rt.1/rw.3, kebagusan, pasar minggu, rt.1/rw.3, kebagusan, kota jakarta selatan",ChIJr2pCifHtaS4RLO2T4wxkmtk,Alfamart,Kebagusan,Pasar Minggu,Kota Jakarta Selatan,5,77.74,0,2036.063117032934,pasar minggu,0,12,0.9787477002507196,35,0.3508
alfamart,4.2,17,-6.2959898,106.8365489,"jl. gurame i, rt.2/rw.9, kel, kota jakarta selatan",ChIJkRXFMgryaS4ROng0xXn-8EU,Alfamart,Kel,Pasar Minggu,Kota Jakarta Selatan,1,22.75,1,803.4318688277467,pasar minggu,0,11,1.0,-1,0.1206
alfamart,4.5,97,-6.3179633,106.8191259,"jl. pepaya raya no.58, rt.12/rw.5, kel, kota jakarta selatan",ChIJW9l0OeDtaS4Rpqp-vEQlRxM,Alfamart,Kel,Jagakarsa,Kota Jakarta Selatan,1,385.85,0,2147.800940045894,pasar lenteng agung,0,-1,0.0,-1,0.0206
alfamart cilandak kko 3,4.4,63,-6.309416199999999,106.8138852,"jl. cilandak kko no.1 a rt.014/08, cilandak ragunan rt.1, rt.14/rw.7, ragunan, kota jakarta selatan",ChIJa8XPd0DvaS4RSIXi_ygrEaA,Alfamart,Ragunan,Pasar Minggu,Kota Jakarta Selatan,2,46.09,1,2246.6533633213585,pasar pondok labu,0,-1,0.0,-1,0.0412
alfamart tanjung barat,4.0,76,-6.3044692,106.8398007,"alfamart, jalan tanjung barat raya no.172, rt.2/rw.1, tanjung barat, jagakarsa, rt.10/rw.4, tj. bar., kota jakarta selatan",ChIJY1uOaPPtaS4RITGKVmQwRXc,Alfamart,Tanjung Barat,Jagakarsa,Kota Jakarta Selatan,6,436.97,0,1652.3108744635044,pasar minggu,0,12,0.9787477002507196,33,0.3714
alfamart,4.2,400,-6.2984046,106.8407504,"jl. tj. bar. lama no.kel, rt.4/rw.4, tj. bar., kota jakarta selatan",ChIJW2lkqAryaS4Rl3e1w3Am11w,Alfamart,Tanjung Barat,Jagakarsa,Kota Jakarta Selatan,5,141.82,0,981.732487594568,pasar minggu,0,11,1.0,32,0.3529
alfamart,4.3,12,-6.2955397,106.841134,"jl. raya tj. barat kel no.24, rt.4/rw.4, tj. bar., kota jakarta selatan",ChIJq1i2LQvyaS4RHh12kmtjRqQ,Alfamart,Tanjung Barat,Jagakarsa,Kota Jakarta Selatan,9,280.36,0,671.8962203940164,pasar minggu,0,11,1.0,32,0.4353
alfamart,4.7,86,-6.3212652,106.8254171,"jl ry jati padang 6 rt 4/4 kel, rt.11/rw.5, kebagusan, kota jakarta selatan",ChIJ60AxeGztaS4Ru2TlJfZ6_co,Alfamart,Kebagusan,Pasar Minggu,Kota Jakarta Selatan,3,39.69,1,1404.116774420446,pasar lenteng agung,0,1,0.9074911949176301,-1,0.1525
alfamart,4.3,182,-6.2967705,106.8442387,"jl. raya poltangan, rt. 001, r no.kel, rt.1/rw.4, tj. bar., kota jakarta selatan",ChIJyyRGCHXyaS4RLCAb2pLyLeA,Alfamart,Tanjung Barat,Jagakarsa,Kota Jakarta Selatan,5,99.98,0,925.8849072698366,pasar minggu,0,11,1.0,32,0.3529
alfamart nangka poltangan,4.1,10,-6.3027653,106.8484869,"jl. nangka raya no.1, rt.6/rw.5, tj. bar., kota jakarta selatan",ChIJFayoSIntaS4R9dPZgj-4vJY,Alfamart,Tanjung Barat,Jagakarsa,Kota Jakarta Selatan,5,103.91,0,1739.9225874234858,pasar minggu,0,12,1.0,34,0.3529
sumber alfaria trijaya. pt (alfamart),5.0,2,-6.296903299999999,106.8410754,"jl. tanjung barat, rt. 012 rw. 004, pasar minggu, rt.3/rw.4, tj. bar., kota jakarta selatan",ChIJ8zwCzAryaS4RkFLYkvqVhtw,Alfamart,Tanjung Barat,Jagakarsa,Kota Jakarta Selatan,6,291.72,0,820.2024973619724,pasar minggu,0,11,1.0,32,0.3735
west tanjung nangka alfamart,4.2,10,-6.3047898,106.8422906,"jl. nangka raya no.10, rt.11/rw.4, tj. bar., kota jakarta selatan",ChIJXUNCuIztaS4RQ6Z_2mFx3Mk,Alfamart,Tanjung Barat,Jagakarsa,Kota Jakarta Selatan,5,163.65,0,1707.36745202443,pasar minggu,0,12,1.0,33,0.3529
alfamart,4.0,1,-6.3274385,106.8165763,"jl. gandaria ii kel no.rt. 006/02, rt.6/rw.2, jagakarsa, kota jakarta selatan",ChIJNaff4frvaS4Rv-sXFlDoV8I,Alfamart,Jagakarsa,Jagakarsa,Kota Jakarta Selatan,4,24.62,1,1897.3847013153154,pasar lenteng agung,0,1,0.9396637312557696,36,0.3263
alfamart,4.8,20,-6.3286377,106.8244583,"jl. raya jagakarsa no.2a, rt.9/rw.7, kel, kota jakarta selatan",ChIJWbkHhJ3taS4RYeZ0L7Xgo4Y,Alfamart,Kel,Jagakarsa,Kota Jakarta Selatan,2,426.05,0,1019.7983096288748,pasar lenteng agung,0,1,0.9396637312557696,-1,0.1351
alfamart,4.3,239,-6.3267655,106.8215854,"jl. raya jagakarsa, rt.2/rw.7, kel, kota jakarta selatan",ChIJz9mMD9ntaS4RZubt_6ybvOw,Alfamart,Kel,Jagakarsa,Kota Jakarta Selatan,2,245.52,0,1386.723627320365,pasar lenteng agung,0,1,0.9396637312557696,-1,0.1351
alfamart,4.1,158,-6.3271403,106.8293354,"jl. klp. 3 no.49, rt.6/rw.3, kel, kota jakarta selatan",ChIJKUVCIj_taS4RPE3ln04fn_s,Alfamart,Kel,Jagakarsa,Kota Jakarta Selatan,4,167.05,0,627.097970631199,pasar lenteng agung,0,1,1.0,-1,0.1824
alfamart,4.4,99,-6.3270311,106.8144222,"jl.jagakarsa kp.kandang no.50, rt.6/rw.4, kel, kota jakarta selatan",ChIJVZkf7ijvaS4RohYfDKQq_TQ,Alfamart,Kel,Jagakarsa,Kota Jakarta Selatan,4,218.03,0,2139.621893460531,pasar lenteng agung,0,1,0.9396637312557696,36,0.3263
alfamart,0.0,0,-6.3027698,106.8484726,"jl. nangka i no.4, rt.6/rw.5, tj. bar., kota jakarta selatan",ChIJz6jzUEvtaS4RNyn3cEc9GMc,Alfamart,Tanjung Barat,Jagakarsa,Kota Jakarta Selatan,5,102.26,0,1739.4881400107063,pasar minggu,0,12,1.0,34,0.3529
alfamart,4.4,72,-6.3243592,106.8300011,"jl. joe klp. tiga, rt.2/rw.3, kel, kota jakarta selatan",ChIJYbi2VcPtaS4REBIUqS4H6nw,Alfamart,Kel,Jagakarsa,Kota Jakarta Selatan,4,27.14,1,839.2335800619225,pasar lenteng agung,0,1,1.0,-1,0.1824
alfamart ltg agung jagakarsa,5.0,2,-6.3283086,106.8342246,"mrcm+mm5, rt.9/rw.4, lenteng agung, kota jakarta selatan",ChIJ05wHln3taS4RfX09zv-hV4M,Alfamart,Lenteng Agung,Jagakarsa,Kota Jakarta Selatan,3,286.12,0,295.56435812355704,pasar kambing swadaya iii,1,1,1.0,37,0.7118
alfamart,3.4,12,-6.315443900000001,106.8430878,"jl. tj. barat selatan gg. 100 kel, lenteng agung, kota jakarta selatan",ChIJ406rRZPtaS4RMYVeSLK2seg,Alfamart,Lenteng Agung,Jagakarsa,Kota Jakarta Selatan,0,635.07,0,1703.1223833526785,pasar kambing swadaya iii,0,-1,0.0,-1,0.0
alfa rancho indah (dalam),4.4,269,-6.309573200000001,106.850957,"jl. rancho indah no.47d, rt.8/rw.2, tj. bar., kota jakarta selatan",ChIJFaiFN5DtaS4RMY3a1g0u8Bo,Alfamart,Tanjung Barat,Jagakarsa,Kota Jakarta Selatan,0,500.16,0,2530.604043980912,pasar minggu,0,-1,0.0,-1,0.0
alfamart cv. anis star,4.0,12,-6.3271938,106.816634,"jl. raya jagakarsa no.3, rt.6/rw.2, jagakarsa, kota jakarta selatan",ChIJGQvZVnHuaS4R5-987_ViIy0,Alfamart,Jagakarsa,Jagakarsa,Kota Jakarta Selatan,4,35.18,1,1897.268235108191,pasar lenteng agung,0,1,0.9396637312557696,36,0.3263
alfamart,4.8,16,-6.3306239,106.8349623,"stasiun kel, lenteng agung, kota jakarta selatan",ChIJIwmT0tTtaS4R6hg8QgNw3WY,Alfamart,Lenteng Agung,Jagakarsa,Kota Jakarta Selatan,5,71.27,0,188.70098375057847,pasar lenteng agung,1,1,1.0,37,0.7529
alfamart ciledug pesanggrahan,4.7,3,-6.2363047,106.7479354,"jl. ciledug raya no.3f, rt.10/rw.2, petukangan utara, kota jakarta selatan",ChIJf5s9qDHxaS4RWnBj2p2aQVc,Alfamart,Petukangan Utara,Pesanggrahan,Kota Jakarta Selatan,6,41.75,1,1292.156786958061,pasar apoh,0,17,1.0,38,0.3735
alfamart,4.2,121,-6.2350886,106.7512863,"jl. masjid darul falah kel no.4a, rt.3/rw.2, petukangan utara, kota jakarta selatan",ChIJu7akxyTxaS4RsElEKAH5zmI,Alfamart,Petukangan Utara,Pesanggrahan,Kota Jakarta Selatan,8,99.91,0,953.5463588906874,pasar apoh,0,17,1.0,38,0.4147
alfamart,4.2,220,-6.230081999999999,106.7457079,"jl. h. muchtar raya rt 05/1 kel, rt.5/rw.1, petukangan utara, kota jakarta selatan",ChIJ04xV4tLxaS4RJ5m-u5L84Po,Alfamart,Petukangan Utara,Pesanggrahan,Kota Jakarta Selatan,5,55.85,0,1091.476807687553,pasar alfa indah,0,17,0.9164647595271014,39,0.3446
alfamart,0.0,0,-6.2260319,106.7445316,"jl. h. muchtar raya kel, rt.8/rw.11, petukangan utara, kota jakarta selatan",ChIJU2gAqwDxaS4Ri6ZzCqxukos,Alfamart,Petukangan Utara,Pesanggrahan,Kota Jakarta Selatan,5,385.62,0,1138.9601933992203,pasar alfa indah,0,17,0.9164647595271014,-1,0.1946
alfamart,5.0,1,-6.2427534,106.7520614,"jl. kemajuan kel no.48, rt.6/rw.6, petukangan sel., kota jakarta selatan",ChIJO5o704LxaS4RopukQoSoSlU,Alfamart,Petukangan Selatan,Pesanggrahan,Kota Jakarta Selatan,6,13.8,1,1013.7464881071886,pasar apoh,0,17,0.8733243563129967,-1,0.2109
alfamart,4.4,189,-6.2364448,106.7524101,"jl. ciledug raya no. 10a, rt. 002/003 kel, rt.2/rw.3, petukangan utara, kota jakarta selatan",ChIJyQtTMjnxaS4RAmG4Z9miTuU,Alfamart,Petukangan Utara,Pesanggrahan,Kota Jakarta Selatan,7,143.18,0,799.3803791899803,pasar apoh,0,17,1.0,38,0.3941
outlet binaan alfamart,0.0,0,-6.2273784,106.7526256,"jl. masjid darul falah no.8, rw.3, petukangan utara, kota jakarta selatan",ChIJvajR18jwaS4RsJDl7rn-tu8,Alfamart,Petukangan Utara,Pesanggrahan,Kota Jakarta Selatan,3,384.54,0,270.36667092774127,pasar alfa indah,1,17,0.8023238742148047,-1,0.542
alfamart,4.4,125,-6.2458404,106.7519896,"jl. damai raya kel no.2, rt.9/rw.5, petukangan sel., kota jakarta selatan",ChIJCZ41mAzxaS4RmvfdRLwHuNU,Alfamart,Petukangan Selatan,Pesanggrahan,Kota Jakarta Selatan,6,61.41,0,846.0681679375263,pasar pesanggrahan,0,17,0.8733243563129967,-1,0.2109
alfamart h. muchtar 2,4.5,235,-6.2260342,106.7445134,"jl. h. muchtar raya no.41, rt.8/rw.11, petukangan utara, kota jakarta selatan",ChIJT6yVZrbwaS4RgDyhIXMu-qo,Alfamart,Petukangan Utara,Pesanggrahan,Kota Jakarta Selatan,5,386.87,0,1140.9638441229654,pasar alfa indah,0,17,0.9164647595271014,-1,0.1946
alfamart,4.3,45,-6.2430094,106.748566,"jl. inpres no.54, kel no.02, rt.14/rw.2, petukangan sel., kota jakarta selatan",ChIJ3ea0GOvwaS4RUn2P0PG59CU,Alfamart,Petukangan Selatan,Pesanggrahan,Kota Jakarta Selatan,4,11.34,1,1332.0562761646352,pasar pesanggrahan,0,17,0.8733243563129967,-1,0.1697
alfamart budi luhur,4.7,3,-6.2363032,106.7479061,"jl. ciledug raya no.22, rt.10/rw.2, petukangan utara, kota jakarta selatan",ChIJZ3iYT7PxaS4RlMn9hgZzoXA,Alfamart,Petukangan Utara,Pesanggrahan,Kota Jakarta Selatan,6,38.52,1,1295.3953960764466,pasar apoh,0,17,1.0,38,0.3735
alfamart,4.3,16,-6.3389038,106.8344498,"komp. sta universitas pancasila jl. raya lt agung kel, rt.1/rw.3, srengseng sawah, kota jakarta selatan",ChIJO9SLoXrtaS4R_qO4Q2eaGC0,Alfamart,Srengseng Sawah,Jagakarsa,Kota Jakarta Selatan,1,436.15,0,872.0373726353832,pasar lenteng agung,0,1,0.855608633501479,-1,0.1061
alfamart,4.2,97,-6.3359894,106.8270017,"jl. moch. kahfi ii kel no.23, rt.11/rw.8, srengseng sawah, kota jakarta selatan",ChIJe1YAOdLtaS4Rt7Ol21BHFN4,Alfamart,Srengseng Sawah,Jagakarsa,Kota Jakarta Selatan,2,110.04,0,883.6246666033891,pasar lenteng agung,0,1,0.9318321210814513,-1,0.1344
alfamart,2.0,1,-6.3409759,106.8275507,"jl. raya desa putra no. 22, rt no.kel, rt.7/rw.5, srengseng sawah, kota jakarta selatan",ChIJozZ4F7HtaS4R1kONZ5ibbtU,Alfamart,Srengseng Sawah,Jagakarsa,Kota Jakarta Selatan,3,23.76,1,1266.866458609168,pasar lenteng agung,0,1,0.9318321210814513,-1,0.1549
alfamart,4.3,363,-6.3390194,106.8285737,"jl. desa putra raya no.3 kel, rw.5, srengseng sawah, kota jakarta selatan",ChIJAw3ltijtaS4RmcB7KA3NCio,Alfamart,Srengseng Sawah,Jagakarsa,Kota Jakarta Selatan,4,268.23,0,1022.0662870853571,pasar lenteng agung,0,1,0.9318321210814513,-1,0.1755
alfamart,4.5,73,-6.333435799999999,106.835083,"jl. lenteng agung barat no. 9, kel no.04, rt.2/rw.10, srengseng sawah, kota jakarta selatan",ChIJ13AKk4ftaS4RCuU8MrNt6NA,Alfamart,Srengseng Sawah,Jagakarsa,Kota Jakarta Selatan,4,12.85,1,320.09432914603786,pasar lenteng agung,1,1,1.0,37,0.7324
alfamart,4.3,85,-6.341221600000001,106.8046813,"jl. m. kahfi i no. 60, rt. 006 kel, rt.8/rw.6, ciganjur, kota jakarta selatan",ChIJ50-5vp3vaS4R4PP0-gOdOLY,Alfamart,Ciganjur,Jagakarsa,Kota Jakarta Selatan,4,55.16,0,1039.5356756742256,pasar timbul jagakarsa,0,3,1.0,-1,0.1824
alfamart,4.2,102,-6.3353411,106.8132835,"jl. sadar raya no.kel, rt.2/rw.2, jagakarsa, kota jakarta selatan",ChIJyXE7tX7uaS4R_N1dj_5A7Lk,Alfamart,Jagakarsa,Jagakarsa,Kota Jakarta Selatan,1,37.89,1,2086.2263073878876,pasar timbul jagakarsa,0,-1,0.0,-1,0.0206
alfamart,3.7,11,-6.3234492,106.8354947,"jl. raya lenteng agung kel no.14, lenteng agung, kota jakarta selatan",ChIJlTB_4sPtaS4Rxc7ws3Uy_40,Alfamart,Lenteng Agung,Jagakarsa,Kota Jakarta Selatan,2,200.16,0,671.3538716308332,pasar kambing swadaya iii,0,1,0.9224773085183464,-1,0.1334
alfamart,3.7,11,-6.3448658,106.8286053,"jl. srengseng sawah kel no.rt 5/12, rt.5/rw.12, srengseng sawah, kota jakarta selatan",ChIJNeAy4i3saS4R2vlrs_RK_Qk,Alfamart,Srengseng Sawah,Jagakarsa,Kota Jakarta Selatan,5,101.87,0,1613.298729733618,pasar lenteng agung,0,1,0.9318321210814513,-1,0.1961
alfamart,1.0,1,-6.345517699999999,106.810441,"jl. wr. sila kel no.48, rt.11/rw.5, ciganjur, kota jakarta selatan",ChIJLccxhA3vaS4R1CueIAoDZlE,Alfamart,Ciganjur,Jagakarsa,Kota Jakarta Selatan,3,178.71,0,1103.8720472107325,pasar timbul jagakarsa,0,3,1.0,-1,0.1618
alfamart,4.3,119,-6.3447007,106.8044728,"jl. wr. sila kel no.261, rt.3/rw.4, ciganjur, kota jakarta selatan",ChIJn4GqwYjuaS4RkEZAhdWNiIU,Alfamart,Ciganjur,Jagakarsa,Kota Jakarta Selatan,6,241.83,0,675.661506760543,pasar timbul jagakarsa,0,3,1.0,-1,0.2235
alfamart,4.0,12,-6.3431267,106.8172234,"jl.moch kahfi 2 rt 5/4 kel, jl. moch. kahfi ii no.2, rt.5/rw.4, ciganjur, kota jakarta selatan",ChIJwRkvJkbvaS4RV98hH2jg2jM,Alfamart,Ciganjur,Jagakarsa,Kota Jakarta Selatan,2,480.22,0,1895.1711885224463,pasar timbul jagakarsa,0,-1,0.0,-1,0.0412
alfamart,4.4,39,-6.3360353,106.8081282,"jl. h. montong kel, rt.6/rw.2, ciganjur, kota jakarta selatan",ChIJcSF1kHzuaS4RmUi6Derkz0U,Alfamart,Ciganjur,Jagakarsa,Kota Jakarta Selatan,1,560.69,0,1718.3361266246113,pasar timbul jagakarsa,0,-1,0.0,-1,0.0206
alfamart,4.2,35,-6.346389599999999,106.8257072,"jl.simpang tiga, jl. pratama kel no.22, rt.6/rw.6, srengseng sawah, kota jakarta selatan",ChIJcXskSobtaS4Rgle9vWyGMns,Alfamart,Srengseng Sawah,Jagakarsa,Kota Jakarta Selatan,3,107.73,0,1893.7038408286837,pasar lenteng agung,0,1,0.905426918666317,-1,0.1523
alfamart,1.0,1,-6.3450368,106.8152846,"jl. wr. sila no.36, rt.2/rw.5, ciganjur, kota jakarta selatan",ChIJXWJrkhPvaS4Rrveg9EepZfI,Alfamart,Ciganjur,Jagakarsa,Kota Jakarta Selatan,3,181.06,0,1616.7621543705538,pasar timbul jagakarsa,0,3,1.0,-1,0.1618
alfamart royal residence,4.6,73,-6.3343032,106.8069313,"mr84+7qf, rt.7/rw.2, ciganjur, kota jakarta selatan",ChIJMU7G8APvaS4RPldwPHdkBVs,Alfamart,Ciganjur,Jagakarsa,Kota Jakarta Selatan,1,687.22,0,1847.8503486689062,pasar timbul jagakarsa,0,-1,0.0,-1,0.0206
alfamart,0.0,0,-6.357054,106.8095512,"jl. srengseng sawah kel no.4, rt.9/rw.9, cipedak, kota jakarta selatan",ChIJQ72y0hzvaS4RX5dcmBsgyWU,Alfamart,Cipedak,Jagakarsa,Kota Jakarta Selatan,8,56.64,0,1179.577774716527,pasar timbul jagakarsa,0,2,1.0,40,0.4147
alfamart,4.4,104,-6.3492714,106.8016789,"jl. m. khafi kel no.1, rt.015/rw.1, cipedak, kota jakarta selatan",ChIJ2ZJsw-bvaS4RPE2HSgHEYvc,Alfamart,Cipedak,Jagakarsa,Kota Jakarta Selatan,3,85.45,0,86.27125337484131,pasar timbul jagakarsa,1,3,1.0,-1,0.5618
alfamart,4.2,129,-6.358035099999999,106.8116309,"jl. srengseng sawah kel no.48 rt 2/9, rt.3/rw.9, srengseng sawah, kota jakarta selatan",ChIJO-fSOk7vaS4RCj8aV46LE6Q,Alfamart,Srengseng Sawah,Jagakarsa,Kota Jakarta Selatan,6,26.21,1,1425.8295853330692,pasar timbul jagakarsa,0,2,1.0,40,0.3735
alfamart srengseng sawah 4 (eh83),4.3,15,-6.357146999999999,106.8095228,"jl. srengseng sawah no.1, rt.4/rw.9, srengseng sawah, kota jakarta selatan",ChIJ88BZcpnuaS4RE8o0nNn30ow,Alfamart,Srengseng Sawah,Jagakarsa,Kota Jakarta Selatan,8,64.79,0,1184.106182761043,pasar timbul jagakarsa,0,2,1.0,40,0.4147
alfamart,4.1,107,-6.3629942,106.8021022,"jl.moch kahfi i, gg. pedati selatan kel no.60, rt.6/rw.2, cipedak, kota jakarta selatan",ChIJ7ykmvmrvaS4RlZev4Fju-J8,Alfamart,Cipedak,Jagakarsa,Kota Jakarta Selatan,1,19.32,1,1442.182719250074,pasar timbul jagakarsa,0,-1,0.0,-1,0.0206
alfamart,4.3,162,-6.3633345,106.8067338,"jl. moch. kahfi ii kel no.24, rt.7/rw.3, cipedak, kota jakarta selatan",ChIJreD62aLuaS4RmuRbWickzPw,Alfamart,Cipedak,Jagakarsa,Kota Jakarta Selatan,4,41.58,1,1585.926241073899,pasar timbul jagakarsa,0,2,0.7358036768967533,-1,0.1559
alfamart,3.9,13,-6.3519106,106.8104356,"jl. timbul rt 1/3 kel, jl. timbul no.38, rt.1/rw.3, cipedak, kota jakarta selatan",ChIJa5D3PpvuaS4RmD22MJHORS4,Alfamart,Cipedak,Jagakarsa,Kota Jakarta Selatan,4,16.89,1,1004.1734060279275,pasar timbul jagakarsa,0,2,1.0,40,0.3324
alfamart m. kafi 1,4.3,27,-6.354785,106.8104626,"jl. moch. kahfi ii no.35, rt.4/rw.3, cipedak, kota jakarta selatan",ChIJf-XTUHHuaS4R3O2aD58Jejc,Alfamart,Cipedak,Jagakarsa,Kota Jakarta Selatan,9,83.27,0,1117.8666835688966,pasar timbul jagakarsa,0,2,1.0,40,0.4353
alfamart jl.aselih,4.2,52,-6.3518666,106.8010337,"jrx2+6cr, rt.7/rw.1, cipedak, kota jakarta selatan",ChIJS129nNjvaS4RhFpkPRMENm4,Alfamart,Cipedak,Jagakarsa,Kota Jakarta Selatan,2,213.97,0,211.2994189048322,pasar timbul jagakarsa,1,-1,0.0,-1,0.4412
alfamart,0.0,0,-6.352576699999999,106.8188851,"jl. srengseng sawah kel no.18, rw.7, srengseng sawah, kota jakarta selatan",ChIJLdQeZIztaS4R-teqdeGZ2Aw,Alfamart,Srengseng Sawah,Jagakarsa,Kota Jakarta Selatan,2,43.36,1,1936.7922432184891,pasar timbul jagakarsa,0,-1,0.0,-1,0.0412
alfamart,4.5,99,-6.348487899999999,106.8200177,"jl. srengseng raya kel no.87, rt.2/rw.7, srengseng sawah, kota jakarta selatan",ChIJPxyLWijsaS4Rl6Ahgql2Zkc,Alfamart,Srengseng Sawah,Jagakarsa,Kota Jakarta Selatan,2,463.75,0,2048.4996385764484,pasar timbul jagakarsa,0,-1,0.0,-1,0.0412
sumber alfaria trijaya. pt (alfamart),2.7,6,-6.350979499999999,106.8326992,"jl. lenteng agung timur, no. 1 rt. 06 rw. 01, jagakarsa, rt.12/rw.8, lenteng agung, kota jakarta selatan",ChIJddTlTzPsaS4R4BYzvn0YNik,Alfamart,Lenteng Agung,Jagakarsa,Kota Jakarta Selatan,0,737.65,0,2207.181348675415,pasar lenteng agung,0,-1,0.0,-1,0.0
alfamart,4.0,25,-6.304666999999999,106.8503666,"1, jl. rancho indah kel no.7, rt.1/rw.2, tj. bar., kota jakarta selatan",ChIJVdAdII_taS4Rb872ygOcjfw,Alfamart,Tanjung Barat,Jagakarsa,Kota Jakarta Selatan,5,53.57,0,2031.084996131156,pasar minggu,0,12,1.0,34,0.3529
alfamart tb.simatupang 3,4.3,275,-6.3039748,106.8430684,"jalan tb. simatupang, rt.11/rw.4, tj. bar., kota jakarta selatan",ChIJ76qqqo3taS4RydX_XeSQfH8,Alfamart,Tanjung Barat,Jagakarsa,Kota Jakarta Selatan,4,93.27,0,1633.7161481391568,pasar minggu,0,12,1.0,33,0.3324
alfamart setiabudibarat,5.0,1,-6.2104934,106.8230285,"jl. setiabudi raya no.2, rw.2, kuningan, kota jakarta selatan",ChIJRScsryb1aS4RlODMjqPRKNU,Alfamart,Kuningan,Setiabudi,Kota Jakarta Selatan,6,5.17,1,488.3558174939863,pasar karbela,1,24,1.0,41,0.7735
alfamart karbela 3,4.3,25,-6.2092301,106.8266949,"jl. setia budi tengah no.5, rt.1/rw.1, kuningan, kota jakarta selatan",ChIJNYn7SAf0aS4RXmIS9qwhxQU,Alfamart,Kuningan,Setiabudi,Kota Jakarta Selatan,6,289.71,0,486.62956013785356,pasar mencos,1,24,0.9438552088805704,41,0.7679
alfamart,4.1,101,-6.303783,106.7814079,"jl. karang tengah raya no.kel, rt.6/rw.4, lb. bulus, kota jakarta selatan",ChIJQfRfkSjuaS4RAiYQMIXjONI,Alfamart,Lebak Bulus,Cilandak,Kota Jakarta Selatan,5,238.86,0,1657.5857223011112,pasar pondok labu,0,5,1.0,42,0.3529
sumber alfaria trijaya. pt (alfamart),1.0,2,-6.3065871,106.7813887,"jl. karang tengah raya no.29, rt.6/rw.4, lb. bulus, kota jakarta selatan",ChIJeZ_0Qy_uaS4RxNoVOQP_Nyc,Alfamart,Lebak Bulus,Cilandak,Kota Jakarta Selatan,4,82.25,0,1504.6714891821962,pasar pondok labu,0,5,1.0,42,0.3324
alfamart pondok labu,4.4,83,-6.305074599999999,106.794028,"jl. pd. labu 1 no.40, rt.2/rw.7, pd. labu, kota jakarta selatan",ChIJ38bENAvvaS4R1LdbC5p-uDE,Alfamart,Pondok Labu,Cilandak,Kota Jakarta Selatan,3,149.87,0,797.5413930122219,pasar pondok labu,0,6,0.7356790509504106,-1,0.1353
alfamart,4.3,11,-6.3101879,106.7901479,"jl. h. ipin kel no.45 - a, rt.11/rw.1, pd. labu, kota jakarta selatan",ChIJk3cbNCPuaS4RrWMFJhBGcY0,Alfamart,Pondok Labu,Cilandak,Kota Jakarta Selatan,5,189.63,0,459.6669297961552,pasar pondok labu,1,6,1.0,-1,0.6029
bright by alfamart,0.0,0,-6.3037727,106.7821517,"jl. karang tengah raya no.71, rt.7/rw.4, lb. bulus, kota jakarta selatan",ChIJx7rEgOnvaS4REZVEtk4z2X4,Alfamart,Lebak Bulus,Cilandak,Kota Jakarta Selatan,5,243.24,0,1591.2583471302266,pasar pondok labu,0,5,1.0,42,0.3529
alfamart batan,0.0,0,-6.3002921,106.776064,"jl. lb. bulus no.48, rt.3/rw.4, lb. bulus, kota jakarta selatan",ChIJbd-MJCruaS4RSb7vFayLGfQ,Alfamart,Lebak Bulus,Cilandak,Kota Jakarta Selatan,1,278.96,0,2364.2290039250906,pasar pondok labu,0,-1,0.0,-1,0.0206
alfamart,4.2,239,-6.3083256,106.7978603,"jl. pinang raya kel no.6, rt.2/rw.2, pd. labu, kota jakarta selatan",ChIJgwgjsBnuaS4ROK7tEhrHbHM,Alfamart,Pondok Labu,Cilandak,Kota Jakarta Selatan,2,43.68,1,628.7217339417272,pasar pondok labu,0,6,0.7928135187960175,-1,0.1205
alfamart,3.9,109,-6.312744899999999,106.7967237,"jl. margasatwa no.1, rt.1/rw.2 kel, pd. labu, kota jakarta selatan",ChIJ9-f0rBfuaS4RflvVgq5gTTo,Alfamart,Pondok Labu,Cilandak,Kota Jakarta Selatan,6,55.87,0,332.5949489124739,pasar pondok labu,1,6,1.0,-1,0.6235
alfamart,4.4,58,-6.311102099999999,106.7857304,"jl. karang tengah i kel no.2a, rt.3/rw.8, lb. bulus, kota jakarta selatan",ChIJHUbBKDvuaS4RTSYAiwoXKDw,Alfamart,Lebak Bulus,Cilandak,Kota Jakarta Selatan,1,511.52,0,896.1398315169203,pasar pondok labu,0,5,1.0,-1,0.1206
alfamart,0.0,0,-6.3105462,106.7937534,"jl. pd. labu raya no.7, rw.1, pd. labu, kota jakarta selatan",ChIJmcOA6EXvaS4RQqMPIIRVwRA,Alfamart,Pondok Labu,Cilandak,Kota Jakarta Selatan,7,56.15,0,188.5650847598137,pasar pondok labu,1,6,1.0,-1,0.6441
alfamart,4.3,3,-6.288993199999999,106.7738201,"pq6f+cg4, ruko pasar jumat, jl. nasional 12, rt.10/rw.7, pd. pinang, kota jakarta selatan",ChIJQ8QJ52vxaS4R9ByNQALudjw,Alfamart,Pondok Pinang,Kebayoran Lama,Kota Jakarta Selatan,3,483.04,0,2384.9668380262633,pasar mede pd pasar jaya,0,-1,0.0,-1,0.0618
alfamart,0.0,0,-6.2795082,106.8072247,"prc4+5ww, rt.6/rw.11, west cilandak, kota jakarta selatan",ChIJg1z4LdjxaS4RtLCmQRpbnE0,Alfamart,Cilandak Barat,Cilandak,Kota Jakarta Selatan,0,970.84,0,150.09350260056004,pasar cipete selatan,1,-1,0.0,-1,0.4
alfamart margasatwa raya,4.6,54,-6.3130741,106.8004155,"jl. margasatwa no.90, rt.8/rw.2, pd. labu, kota jakarta selatan",ChIJ46jSRZvvaS4ReMMdsz0r-Ls,Alfamart,Pondok Labu,Cilandak,Kota Jakarta Selatan,5,38.57,1,741.675103127653,pasar pondok labu,0,6,1.0,-1,0.2029
alfamart,4.4,131,-6.2086877,106.8245274,"jl. setia budi barat no.5, rt. 004/003, rt.5/rw.3, kuningan, setia budi, kota jakarta selatan",ChIJuTCdkAT0aS4RNniucbDH9dc,Alfamart,Setia Budi,Setiabudi,Kota Jakarta Selatan,7,205.86,0,580.673360882932,pasar mencos,0,24,1.0,41,0.3941
